nDictator,ch,RT,splitL,splitR
1,-1,2.583034,0.884352,0.982469
1,-1,3.308171,0.300509,0.909068
1,-1,1.983603,0.785188,0.106458
1,-1,1.2664,0.535269,0.805134
1,1,2.258066,0,0.708649
1,1,2.841454,0.00658,0.897347
1,1,2.43305,1,0.305057
1,-1,1.45813,0.113681,1
1,1,2.075125,0.988218,0.776418
1,1,1.158014,0.020122,0.578183
1,1,1.066788,0.610962,0.483968
1,1,1.249685,0.809114,0.570528
1,-1,1.141169,0.494456,0.411205
1,1,1.96628,0,0.761067
1,-1,2.083648,0.286122,0.158441
1,1,1.724597,0.872304,0.806522
1,1,1.616714,0,0.226422
1,-1,1.383547,0.620561,0
1,1,1.532883,0.31771,0.376968
1,1,1.749562,0.092219,0.606986
1,-1,1.49953,0.499427,0.121438
1,-1,1.28307,0.42683,1
1,-1,1.400195,0.408231,0
1,1,1.591449,1,0.203717
1,1,1.150189,0.894603,0.386014
1,1,1.250181,0.16756,0.579378
1,1,1.066752,0.67537,0.4993
1,-1,1.407843,0.485248,0.164057
1,-1,1.807941,0.301279,0.796683
1,-1,1.232872,0.304107,0.114288
1,-1,1.433086,0.907863,7.4e-05
1,-1,1.067283,0.369405,0.1589
1,-1,1.107983,0.404202,0.808304
1,1,1.091357,0.376257,0.505138
1,1,0.900588,0.722471,0.413417
1,-1,1.616263,0.709884,0.775936
1,1,1.508082,0,0.928437
1,1,1.816313,0.692083,0.376802
1,-1,1.591255,0.795997,0.075055
1,1,1.041347,0.714339,0.52844
1,1,0.867281,0.010479,0.366508
1,-1,1.066839,0.581947,0.2391
1,1,1.266178,0.592874,0.490772
1,-1,1.383441,0.018981,1
1,1,4.666785,0.402851,0.587478
1,1,1.524545,0.087685,0.381121
1,-1,1.333088,0.689056,1
1,-1,4.167749,0.79056,0.182447
1,-1,1.132798,0.577395,0.311355
1,1,1.674615,0.827482,0.300248
1,1,1.349741,0.095283,0.272219
1,1,0.92463,0.228332,0.61381
1,1,0.958021,0.712173,0.424196
1,1,1.274674,1,0.931127
1,1,1.099463,0.875303,0.82942
1,-1,2.449749,0.68523,0.989673
1,-1,0.891269,0.505997,1
1,-1,0.89134,0.602217,0.104658
1,1,1.066327,0.102444,0.38338
1,-1,0.866792,0.515991,0.03704
1,-1,1.166351,0.290366,0.894012
1,-1,0.657978,0.513418,0.275063
1,-1,0.716734,0.496238,0.242264
1,1,0.891305,0.990409,0.898945
1,1,0.841304,1,0.590139
1,-1,0.649643,0.110825,1
1,1,2.383063,0.371514,0.585052
1,-1,0.866764,0.358079,0.902617
1,1,0.749644,1,0.579586
1,1,0.616707,0.773379,0.464414
1,1,0.916724,0.722064,0.306325
1,-1,1.71629,0.974798,0.016341
1,-1,1.166843,0.499396,0.205199
1,1,0.9668,0.062661,0.306688
1,-1,1.199696,0.278136,0.194277
1,1,0.92485,0.982833,0.400114
1,1,1.033036,0.406082,0.500252
1,-1,1.099528,0.587202,0.798366
1,1,1.4669,0.00716,0.105174
1,1,0.933454,0,0.657551
1,1,0.707939,1,0.309983
1,-1,0.716748,0.293405,0.015848
1,-1,0.941265,0.534654,0.799677
1,1,0.833847,0.004584,0.598593
1,1,0.616735,0.08953,0.234931
1,1,0.774613,0.743402,0.580911
1,1,0.824631,0.665715,0.589949
1,-1,0.866323,0.683514,0.882129
1,-1,1.233425,0.217498,1
1,-1,1.133001,0.296294,0.180901
1,1,1.999649,0.07309,0.87705
1,-1,1.049693,0.807889,1
1,-1,1.008016,0.480437,0.892002
1,1,1.116362,0.890843,0.208218
1,-1,0.874536,0.51133,0.90147
1,1,0.84133,1,0.611007
1,1,0.633362,0,0.111522
1,1,0.69107,0.976338,0.710013
1,-1,0.816848,0.260312,0
1,-1,1.058025,0.603797,0.909545
1,1,3.167075,0.389252,0.601502
1,-1,1.216347,0.695257,0.113865
1,-1,4.033361,0.223253,0.816944
1,1,1.682922,0.989458,0.362488
1,1,1.1835,0.014149,0.091369
1,1,1.083456,0.218852,0.419727
1,1,1.074664,0.093142,0.596471
1,-1,1.416859,0.189897,0.118864
1,1,1.149486,0.099599,0.779939
1,1,1.083025,0.311773,0.528386
1,-1,1.008019,0.565054,0.695259
1,1,2.949816,0.713902,0.319255
1,-1,3.884398,0.215348,0.810267
1,1,1.000159,0.036685,0.18682
1,-1,1.783114,0.396962,0.776228
1,1,2.391865,0.884411,0.788637
1,-1,1.757973,0.508299,0.902999
1,-1,2.058025,0.217778,0.887973
1,-1,2.34139,0.881676,0.093733
1,1,1.466236,0.877524,0.337795
1,1,0.799652,0.051282,0.510622
1,1,1.699612,1,0.221121
1,-1,1.93364,0.628082,0.278848
1,1,1.141372,0.099965,0.705674
1,1,1.066393,0.264948,0.424304
1,-1,1.233491,0.212422,0.000865
1,-1,0.916385,0.667322,0.811609
1,1,1.241179,0.987508,0.119962
1,-1,1.974625,0.502912,0.581925
1,1,1.99968,0.913142,0.197862
1,1,2.733113,0.089604,0.912848
1,-1,1.558105,0.71779,0.213949
1,1,1.691266,0.280076,0.579382
1,1,1.258067,0.99462,0.311832
1,1,1.241396,0.700857,0.511455
1,1,1.074522,1,0.488934
1,-1,1.174708,0.475722,0.014811
1,-1,1.216848,0.319945,0
1,-1,1.374747,0.813902,1
1,1,0.966416,0.93198,0.684411
1,-1,1.657917,0.822605,0.040701
1,1,0.999696,0.870651,0.589449
1,1,0.766315,0.089222,0.47514
1,-1,1.25785,0.691049,0.812037
1,-1,0.824664,0.367445,0.201805
1,1,1.674795,0.208653,0.701345
1,1,1.100628,0.20996,0.703172
1,1,0.749576,0.285316,0.513349
1,1,1.624785,0.799135,0.277609
1,-1,1.083522,0.617598,0.874422
1,1,0.817315,0.293104,0.376698
1,-1,1.316387,0.681925,0.014697
1,1,1.241873,0.777721,0.61596
1,1,1.534004,0.018778,0.5362
1,1,1.033365,1,0.522934
1,-1,1.358064,0.392843,0.792138
1,1,0.966387,0,0.418308
1,1,0.774654,0.097266,0.724339
1,1,0.957808,0.930636,0.704542
1,-1,1.016363,0.307055,0.727956
1,-1,0.799666,0.389397,0.082324
1,-1,0.766315,0.408175,0.875476
1,-1,1.116192,0.811884,0.002853
1,-1,1.166876,0.202138,0.106905
1,-1,1.050637,0.988994,0.001917
2,-1,1.333121,0.324492,0.106149
2,1,1.23304,0.330833,0.466333
2,-1,0.999673,0.42288,0.190337
2,-1,1.03304,1,0.303318
2,1,0.957975,0.424055,0.740604
2,-1,0.883028,0.890297,0.088167
2,1,1.541264,0.093708,0.30995
2,-1,1.408112,0.474066,0.10571
2,-1,1.607987,0.494523,0.580718
2,-1,1.283102,0.77602,0.379173
2,-1,1.125182,0.8941,0.486308
2,-1,1.174738,0.377483,0.211881
2,1,1.349744,0,0.907666
2,-1,1.458392,0.517249,0.987845
2,1,1.374767,0.909272,0.401715
2,1,2.350369,0.913728,0.292159
2,-1,1.583569,0.704007,0.203737
2,1,1.016843,0.014219,0.703374
2,1,1.458089,0.804899,0.468352
2,-1,1.241908,0.615274,1
2,1,1.216165,1,0.872691
2,1,2.291387,0.130502,0.689433
2,-1,0.900143,0.324998,0.006285
2,1,1.566273,0.117168,0.610843
2,1,1.249543,0.006742,0.892287
2,1,0.98304,0.032692,0.569426
2,1,1.366875,0.903377,0.412874
2,1,0.891315,0,0.663537
2,-1,0.88302,0.806324,0.921284
2,-1,0.682972,0.507647,0.001267
2,-1,0.507922,0.416648,0.770183
2,-1,1.94139,0.520953,0.576734
2,-1,2.03303,0.489949,0.387147
2,-1,0.991323,0.472351,0.712936
2,-1,0.72464,0.386637,0.995919
2,-1,0.866839,0.504812,0.004104
2,-1,5.784413,1,0.109535
2,1,1.691456,0.991656,0.834521
2,1,2.316385,0.898555,0.604678
2,-1,1.507964,0.675222,0.809396
2,1,0.866349,0.917529,0.475674
2,1,0.657986,1,0.69428
2,1,1.291427,0.251307,0.604855
2,1,1.167312,0.301509,0.384775
2,-1,4.441811,0.986203,0.011028
2,1,0.641719,1,0.495556
2,-1,1.124689,0.604396,0.302234
2,1,1.334043,0.295929,0.399939
2,1,1.016324,0.785992,0.37586
2,1,0.800119,0.074206,0.38852
2,-1,0.757966,0.720403,0.780995
2,1,0.791351,0.719124,0.47418
2,-1,0.607971,0.690177,0.911151
2,1,0.583426,0.005622,0.803229
2,-1,0.657925,0.714167,0.997357
2,-1,1.017292,0.783333,0
2,1,0.6246,0,0.194517
2,1,0.607929,0.991789,0.402604
2,-1,0.566701,0.105295,0.018481
2,1,0.624622,1,0.198808
2,1,0.632943,0.085543,0.337969
2,1,0.416703,0.000569,0.179513
2,1,0.782807,0.889649,0.294164
2,1,0.624616,0.184338,0.596508
2,1,0.433413,0.171824,0.471242
2,1,0.3996,0,0.571018
2,-1,0.73346,0.374755,0.312933
2,1,0.624643,0.874076,0.55373
2,-1,0.69127,0.687202,0.890523
2,1,0.55796,0.985401,0.905511
2,-1,0.550119,0.383159,0.092177
2,-1,1.083527,0.888271,0.073521
2,1,0.716324,0.910104,0.800317
2,-1,0.633439,0.486043,0.888848
2,-1,1.09949,0.576405,0.686512
2,1,1.083525,0.095043,0.199192
2,1,0.52459,0.291069,0.520828
2,-1,0.650108,0.525766,0.208785
2,1,1.133067,0.294904,0.597465
2,1,2.174714,0.107708,0.796277
2,-1,1.633624,0.711778,0.919577
2,-1,2.108527,0.994302,0.045133
2,1,0.933048,0,0.702611
2,-1,0.841313,0.250752,0.909599
2,-1,0.899701,0.646049,0.701398
2,-1,0.724652,0.393031,0.094503
2,-1,0.56629,0.570303,0.152146
2,1,0.716317,0.695164,0.573479
2,1,1.074726,0.200347,0.756956
2,-1,0.908042,0.203079,1
2,1,1.933001,0.592168,0.511401
2,-1,0.541238,0.220042,0.916621
2,1,0.916356,0.181916,0.615764
2,1,0.724672,1,0.671235
2,-1,1.216409,0.702974,0.300618
2,-1,0.516278,0.385911,0.010573
2,-1,0.582959,0.80869,0.993814
2,-1,0.783009,0.717617,0.169017
2,-1,0.641316,0.491742,0.134832
2,1,1.791306,0.198374,0.886838
2,1,2.616418,0.028211,1
2,-1,0.908034,0.579349,0
2,1,1.874823,0.80085,0.701432
2,-1,0.524905,0.603641,0.817953
2,1,2.216396,0.09716,0.795321
2,-1,0.450081,0.213373,0.136556
2,-1,0.991369,0.900089,0.095111
2,-1,0.833936,0.268739,0.828179
2,1,0.916773,0,0.377419
2,1,2.133733,0.403245,0.701348
2,-1,0.791347,0.618619,0.993608
2,-1,0.466723,0.173366,0
2,1,1.524555,0.082965,1
2,-1,0.841303,0.493896,0.792693
2,1,0.758001,0.896094,0.631517
2,1,2.058057,0.38374,0.695482
2,1,1.650052,1,0.254446
2,1,3.358264,0.891614,0.406426
2,-1,0.557971,0.591619,0.833828
2,1,1.049654,0.989683,0.518795
2,-1,0.674632,0.84111,1
2,-1,1.299753,0.27222,0.188971
2,1,0.899636,0.788907,0.620827
2,1,1.791541,0.109144,0.807849
2,1,0.450122,0.018567,0.474896
2,-1,1.074735,0.680128,0.09522
2,1,1.308122,0.22438,0.79722
2,1,0.817223,0.173747,0.400984
2,-1,0.62464,0.32968,0.82593
2,-1,1.124717,0.675327,0.307431
2,-1,0.766287,0.682894,0.202076
2,1,0.757991,0.40565,0.594272
2,1,0.45012,0,0.899941
2,-1,0.432914,0.692583,0.110989
2,1,0.850179,0.38995,0.491523
2,-1,0.73343,0.104244,0
2,1,1.316263,0.804167,0.496806
2,-1,1.750265,0.643104,0.387501
2,-1,0.457917,0.41424,1
2,1,1.507948,0.316147,0.710819
2,1,0.850113,0.029376,0.087462
2,1,0.866811,0.204551,0.296352
2,1,0.507973,0.208158,0.331463
2,-1,1.07468,0.256403,1
2,1,1.441278,0,0.832299
2,-1,1.366875,0.201017,0.124805
2,-1,1.76631,0.786433,0.307261
2,-1,2.616477,1,0.221443
2,-1,1.09138,0.479917,0.3966
2,1,2.67527,0.705355,0.485969
2,-1,0.541302,0.510787,0.204468
2,1,0.56675,0,0.406661
2,-1,0.507898,0.904448,0.181125
2,-1,0.524608,0.496971,0.263319
2,-1,1.350172,0.83223,0.911968
2,1,1.266252,1,0.928272
2,-1,0.833402,0.588666,0.10566
2,-1,1.19969,0.625168,0.444227
2,1,1.066858,0.20388,0.811839
2,-1,0.617329,0.307672,0
2,-1,0.766346,0.600811,0.989326
2,-1,0.56676,0.275968,0
2,1,0.78345,0.084035,0.521561
2,1,0.907981,0.099157,0.620885
2,-1,3.00825,0.976029,0.103079
3,-1,4.12499,0.605053,0
3,-1,1.617419,0.402907,0.303918
3,-1,4.008293,0.70647,0.784532
3,-1,2.091305,0.508498,0.998135
3,1,1.341399,0.411076,0.708261
3,1,0.757963,0.026019,0.706857
3,1,1.449547,0.10534,0.980613
3,-1,4.933436,0.892974,0.283519
3,-1,0.991342,0.800284,1
3,1,2.750456,0.329356,0.414102
3,1,2.858111,0.705594,0.589821
3,1,0.950177,0,0.286173
3,-1,0.782965,0.891515,0.147285
3,1,0.800146,0.189493,0.594284
3,-1,1.708126,0.667408,0.286184
3,1,0.700546,0.197071,0.632303
3,1,0.650143,0.205681,0.320663
3,1,0.524604,0.190862,0.904148
3,-1,0.64123,0.410143,0.207329
3,1,0.849639,0.402208,0.784088
3,1,0.841318,0.790462,0.600172
3,-1,2.366947,0.571188,0.797239
3,1,1.816935,0.008219,0.183124
3,1,1.816289,0.340775,0.776627
3,-1,3.024835,0.406701,0.999244
3,1,0.716234,0.976334,0.717588
3,1,2.057982,0.908521,0.423931
3,-1,2.032964,0.977255,0
3,1,5.650235,0.105714,0.889008
3,-1,2.674726,1,0
3,-1,1.466235,0.690525,0.802812
3,1,0.832935,1,0.55713
3,1,0.666322,0.492675,0.68878
3,-1,0.574585,0.669394,1
3,-1,0.69129,0.587474,0.918874
3,-1,0.574581,0.667825,0.90558
3,-1,0.907974,0.687234,0.511779
3,1,0.949665,0.192011,0.591534
3,1,1.966961,0.996712,0.291163
3,-1,1.216372,0.297012,0
3,1,0.816737,0.970379,0.772653
3,1,1.857896,0.988072,0.480248
3,1,0.966742,0.89976,0.717528
3,1,1.04969,0,0.487938
3,-1,2.199683,0.715219,0.888068
3,1,0.557955,0.018961,0.591386
3,1,3.291508,0.981747,0.374147
3,-1,1.966291,0.31296,1
3,-1,0.641278,0.587027,0.305291
3,-1,0.524647,0.802894,0.192028
3,1,0.982952,0.76916,0.701014
3,-1,1.174492,0.903187,0.970065
3,-1,1.266396,0.609311,0.770597
3,1,2.149677,0.238491,0.918021
3,-1,0.482897,0.686442,0.001634
3,1,1.966283,0.368812,0.509464
3,-1,0.557937,0.613101,0.381745
3,-1,0.741334,0.66438,0.583433
3,1,1.549765,0.472957,0.752974
3,-1,0.550543,0.674573,0.318391
3,-1,0.424594,0.7127,0.223791
3,-1,1.108032,0.507113,0.920043
3,1,0.657897,0.086157,0.694094
3,-1,1.566928,0.081852,0
3,-1,1.274525,0.61799,0.422358
3,-1,1.682916,0.828321,0.896125
3,-1,0.50788,0.602952,0.290723
3,-1,0.516266,0.386756,0.182097
3,1,0.932964,0.946339,0.368086
3,-1,0.599997,0.222044,0.012495
3,1,1.133022,0.391691,0.681704
3,1,0.691548,0.883604,0.593019
3,-1,0.557897,0.387897,0.081685
3,1,0.741322,0.403331,0.607791
3,-1,3.949991,0.989407,0.105403
3,1,0.766733,0.008577,0.107835
3,-1,0.783005,0.581331,0.507282
3,-1,0.532954,0.566431,0.1138
3,-1,0.60793,0.314032,0.188594
3,1,0.557947,0.107247,0.326821
3,-1,0.833436,0.569911,0.707957
3,1,0.866781,0.066593,0.246622
3,-1,0.791216,0.61163,0.490193
3,-1,0.532939,0.692703,0.507752
3,-1,0.507952,0.815387,0.302543
3,-1,0.51627,0.487282,0.061857
3,-1,0.391191,0.70017,0.294622
3,-1,2.366363,0.192719,1
3,1,0.799648,1,0.902019
3,-1,0.549585,0.582267,0.269428
3,-1,6.875498,0.897626,0.271551
3,-1,3.5749,0.417764,0.872507
3,-1,0.566283,0.412701,0.179824
3,-1,1.307843,0.523066,0.376637
3,1,0.533367,0.032718,0.532563
3,-1,0.550114,0.50563,0.213698
3,-1,0.882992,0.79913,0.976108
3,-1,0.557958,0.593425,0.980379
3,-1,0.48278,0.788664,0.496169
3,-1,0.457916,0.924807,0
3,1,1.149513,0.09648,0.839131
3,1,1.116361,0.069968,0.375383
3,-1,0.616273,0.300611,0.219472
3,1,4.175013,0.428036,0.775725
3,1,0.933472,0.061753,0.202803
3,1,0.75795,0.083743,0.799286
3,-1,0.924749,0.783863,0.928669
3,-1,1.125189,0.892897,1
3,1,5.875285,0.298318,0.902422
3,1,0.733487,0,0.825274
3,1,0.791317,0.09614,0.502227
3,1,2.824789,0.493744,0.761787
3,-1,0.533897,0.727744,0.105379
3,1,0.574586,0.178971,0.789241
3,-1,0.666762,0.489525,0.089512
3,1,1.149717,0.124087,0.979682
3,-1,0.500103,0.316176,0.113043
3,1,0.716307,0.104521,0.772918
3,-1,1.516907,0.088812,0
3,1,3.349809,0.995116,0.163823
3,1,2.258024,1,0.423708
3,1,1.549563,0.000856,0.973888
3,1,1.066159,0.034047,0.902865
3,-1,0.65011,0.184358,0.088702
3,-1,1.882886,0.501652,0.879232
3,1,0.866312,0.987955,0.603444
3,-1,0.749432,0.725566,0.96163
3,-1,0.60007,0.327538,0.097858
3,-1,1.699611,0.816481,0.398987
3,-1,0.757956,0.634412,0.886772
3,-1,0.61626,0.619727,0.099753
3,-1,0.591291,0.810589,0.227577
3,1,2.724776,0.202936,0.913613
3,-1,0.616239,0.709572,0.105047
3,-1,0.500085,0.397265,0.082568
3,1,0.699636,0.207902,0.675897
3,-1,0.616807,0.570359,0.490533
3,1,0.566745,0,0.183174
3,-1,0.524595,0.462416,0
3,1,0.466706,0,0.367382
3,-1,0.491272,0.409614,0.021369
3,-1,0.449622,0.417205,0.021618
3,-1,0.407928,0.579948,0.092779
3,1,0.941324,0.296915,0.495434
3,-1,0.599641,0.76311,0.900681
3,1,0.466237,0.028047,0.575436
3,-1,0.466273,0.718658,0
3,-1,0.474599,0.791126,0.300575
3,1,0.616837,0.22142,0.510084
3,-1,0.52464,0.533917,0.990279
3,1,0.474599,0,0.828511
3,1,0.924661,0.925701,0.502208
3,1,0.491268,0,0.806444
3,-1,0.45793,0.878224,0.092599
3,1,0.449573,0.003971,0.896839
3,1,1.891292,0.976186,0.292271
3,1,1.06635,0.298027,0.487774
3,1,0.616768,0.217881,0.535221
3,1,0.450076,0,0.294446
3,-1,1.63312,0.737912,0.432843
3,-1,0.700573,0.465282,0.314081
3,1,0.633368,0.273415,0.399414
3,-1,1.816277,0.990287,0.189572
3,-1,0.549579,0.67794,0.183455
3,-1,1.557982,0.469643,0.387565
4,1,2.32477,0.597026,0.714859
4,1,1.283115,0.700441,1
4,1,1.499619,0.206746,0.591057
4,1,1.458096,0.399055,0.985312
4,1,1.299562,0,0.927286
4,1,1.207787,0.314331,0.775826
4,1,1.741322,0.886349,1
4,-1,0.850098,0.833703,0.027539
4,1,1.158083,0.291067,0.674119
4,-1,1.167229,0.123176,0.031757
4,-1,1.516947,0.506377,0.404455
4,1,1.341435,0.084892,0.492017
4,-1,2.674838,0.922998,0.801041
4,-1,1.774642,0.684275,0.423552
4,1,1.866355,0.687305,0.823352
4,1,0.891357,0.000173,1
4,-1,1.749641,0.81902,0.29053
4,1,0.682976,0.1127,1
4,1,2.199754,0.499816,0.621572
4,-1,1.367464,0.299734,0.193331
4,-1,1.516261,0.993928,0.933397
4,-1,3.192053,0.879833,0.585109
4,-1,0.949711,0.622782,0.094147
4,-1,1.0414,0.721735,0.503289
4,-1,0.783514,0.790929,0.068334
4,-1,0.950153,0.389342,0
4,1,0.816355,0.506872,1
4,1,3.116545,0.305001,0.380959
4,-1,1.516263,0.492736,0.234302
4,-1,0.916766,0.805566,0.391034
4,-1,1.150672,0.52188,0.013741
4,-1,0.700142,0.495995,0.179003
4,1,0.824497,0.677751,0.991454
4,1,0.908015,0.085157,0.712931
4,1,0.71681,0.120939,0.883674
4,1,1.357887,0.76067,0.928841
4,-1,0.966366,0.809805,0.509951
4,-1,1.383108,1,0.802029
4,1,1.150032,0.373992,0.885437
4,-1,1.757996,0.486904,0.0967
4,-1,1.050148,0.926217,0.193088
4,-1,0.950199,0.824977,0.216523
4,1,1.166442,0.185989,0.783196
4,1,1.041371,0.511929,0.663631
4,-1,1.066388,0.611097,0.193133
4,-1,1.133974,0.607246,0.409284
4,1,1.09099,0.62678,0.790086
4,1,1.583602,0,0.40102
4,-1,1.782973,0.907497,0.478066
4,-1,0.941344,1,0
4,1,2.008038,0.33113,0.487223
4,1,2.483109,0.207912,0.315376
4,-1,1.349587,0.981195,0.889772
4,-1,0.899693,1,0.09418
4,1,0.691263,0.617878,1
4,1,1.200217,0.308705,0.591741
4,-1,0.908064,0.75976,0.10718
4,-1,0.991329,1,0.783113
4,1,0.666286,0.802544,0.998746
4,-1,1.158041,0.726004,0.204603
4,1,0.716329,0.004768,0.580628
4,-1,0.974646,0.853243,0.285495
4,1,0.699604,0.293011,1
4,1,1.466471,0.491548,0.817047
4,-1,0.933007,0.782913,0.565558
4,1,1.324753,0.582383,0.732197
4,1,1.074541,0.420578,0.873079
4,1,0.974714,0.088208,0.493685
4,-1,0.866338,0.774319,0.497745
4,1,1.024504,0.695034,0.920333
4,1,0.824623,0.111678,0.680561
4,1,1.19975,0.315844,0.782414
4,-1,0.899674,0.40699,0.203103
4,-1,1.333582,0.480097,0.399455
4,-1,1.124775,0.893085,0.114766
4,-1,1.158057,0.973822,0.632024
4,-1,0.774653,0.386173,0.220506
4,-1,0.891407,0.736766,0.588828
4,1,0.683407,0.327721,0.930277
4,-1,0.649624,0.645766,0.089134
4,1,1.200209,0.003762,0.28273
4,1,0.850126,0.040718,0.598281
4,-1,0.566765,0.429157,0.081084
4,1,2.016382,0.382593,0.581605
4,-1,1.733181,0.991625,0.486475
4,1,0.66685,0.093456,0.909243
4,-1,1.674655,0.777766,0.599444
4,1,1.866999,0.11391,0.262245
4,-1,0.766806,0.204523,0
4,1,0.791369,0.039611,0.710426
4,-1,0.616767,0.278008,0.084839
4,1,1.63296,0.524222,0.585652
4,1,0.707974,0,0.910613
4,1,1.058012,0.488142,0.698591
4,-1,1.283007,0.960567,0.391391
4,-1,2.091379,0.613004,0.54163
4,-1,1.266261,0.888074,0.615297
4,1,3.600028,0.340267,0.394245
4,1,0.816828,0,0.21773
4,-1,1.249565,0.896913,0.205259
4,-1,0.724656,0.817996,0.122344
4,-1,1.224785,0.395643,0.298678
4,-1,1.100635,0.629874,0.273008
4,1,1.024713,0.114818,0.312874
4,1,1.041365,0.198987,0.9647
4,1,0.833013,0,0.600746
4,-1,1.458136,0.886532,0.71753
4,-1,1.584108,0.328755,0.020718
4,-1,1.38293,0.706833,0.23479
4,-1,2.224723,0.793618,0.70302
4,-1,0.77448,1,0.5879
4,1,0.716294,0.408444,1
4,1,1.24972,0.320028,0.578595
4,-1,1.067219,0.90979,0.751602
4,1,0.966379,0.497151,0.899844
4,-1,0.917324,0.888978,0.293234
4,1,0.933033,0.717298,0.904552
4,-1,0.966831,0.203492,0.136361
4,1,0.816339,0.178559,0.780181
4,1,1.891339,0.399999,0.510317
4,1,0.857956,0,1
4,-1,0.874689,0.583249,0.376124
4,1,0.941326,0.321299,0.707854
4,-1,0.807985,0.797254,0.381972
4,1,0.857964,0.20233,0.739861
4,-1,1.457941,1,0.691148
4,-1,1.10803,0.970814,0.227112
4,1,0.749665,0.282299,1
4,-1,1.950348,0.16889,0.087498
4,-1,1.300248,0.402986,0.089832
4,-1,1.350209,0.11191,0
4,-1,1.150246,0.706602,0.402628
4,1,0.716313,0.080041,0.571034
4,1,1.041405,0.418167,0.780668
4,-1,0.716476,0.195493,0
4,1,1.183095,0.195444,0.990202
4,-1,0.650065,0.537315,0.016012
4,1,0.900129,0.012293,0.794142
4,-1,1.624636,0.791775,0.713828
4,1,1.208082,0.376504,0.876651
4,-1,1.258114,1,0.102587
4,1,1.541304,0.340489,0.530917
4,1,0.991361,0.189763,0.882341
4,1,1.000642,0,0.521524
4,-1,0.87466,0.397073,0.008741
4,1,0.741327,0.105762,0.406172
4,-1,0.883448,0.30889,0.018093
4,-1,1.016373,0.9926,0.272563
4,1,0.774638,0.009887,0.778678
4,-1,0.808006,0.584643,0.232387
4,1,1.433142,0.263087,0.504061
4,1,0.850645,0,0.1309
4,1,0.866309,0.492092,1
4,-1,0.499398,0.901484,0
4,-1,0.85802,0.889539,0.598118
4,-1,0.799671,0.463255,0.195599
4,-1,0.607937,0.68946,0
4,-1,1.049671,0.879521,0.499814
4,1,0.81681,0.098,0.19393
4,1,0.924697,0.339142,0.714476
4,1,0.79967,0.245142,0.424222
4,1,1.049707,0.212824,0.305261
4,1,0.699623,0,0.72804
4,-1,0.924729,0.703793,0.392849
4,1,0.599646,0.131665,0.670013
5,-1,1.216423,0.593263,0.781948
5,-1,1.424573,0.711129,0.382857
5,-1,1.699625,0.502578,0.985972
5,1,1.916812,0.297437,1
5,1,0.950613,0.018387,0.435175
5,-1,1.341414,0.903963,0.229868
5,-1,1.166193,0.733844,1
5,-1,0.916793,1,0.189721
5,1,1.032979,0,0.597824
5,-1,0.87468,1,0.09695
5,1,0.824499,0.101864,0.387617
5,-1,0.749649,0.512762,0.22523
5,1,1.04971,0.319016,0.716899
5,-1,1.050201,0.354112,0
5,-1,2.008005,0.375521,0.989031
5,1,1.350706,0.29554,0.816819
5,-1,1.099727,0.477147,0.771272
5,1,1.200205,0,0.086372
5,-1,2.483083,0.984505,0.889714
5,-1,1.116219,0.909363,0.234059
5,-1,0.774672,0.555153,0.328699
5,1,0.624612,0.302946,0.398195
5,1,1.116363,0.268298,0.877627
5,1,1.133066,0.2954,0.899468
5,1,2.208054,0.593458,0.499754
5,1,1.491466,0.977201,0.492875
5,1,1.641429,0.408562,0.768968
5,-1,0.783932,0.614687,0
5,1,1.20806,0.783263,0.968939
5,1,1.166436,0.237843,0.565248
5,-1,1.291232,0.500448,0.737744
5,1,1.099534,0.037989,0.407524
5,1,1.791321,0.932811,0.620636
5,-1,0.941364,0.721761,0.290926
5,-1,1.291424,0.669467,1
5,-1,0.916777,1,0.114952
5,1,0.941329,0.218191,0.413401
5,-1,2.54146,0.70712,0.798388
5,1,2.316419,0.407134,0.896025
5,1,0.983007,0.178083,0.387906
5,1,2.099733,0.398783,0.868516
5,1,0.766336,0.43018,0.512126
5,1,1.557946,0.412828,0.556699
5,-1,0.983034,0.483755,0.269268
5,1,1.166404,0.308041,0.909723
5,1,1.457907,0.792861,0.988441
5,-1,1.291405,0.990536,0.703679
5,1,2.750485,0.201945,0.102847
5,-1,0.749648,0.602233,0.125208
5,1,2.124695,0.814629,0.892049
5,-1,1.800828,0.471591,0.816538
5,-1,0.982998,0.598166,0.693065
5,1,1.599628,0.421219,0.592479
5,1,1.457923,0.397059,0.93097
5,-1,0.841318,0.515039,0.571205
5,-1,1.616301,0.267693,0.201721
5,-1,1.25021,0.233708,0.110934
5,-1,1.149742,0.485382,0.716669
5,1,0.650127,0.188188,0.587795
5,1,1.299565,0.39961,1
5,1,0.774662,0.107719,0.947347
5,-1,0.808006,0.99898,0.199892
5,-1,0.899691,0.997151,0
5,-1,1.699576,0.909168,0.777631
5,-1,0.81634,0.619774,0.210092
5,-1,0.799716,1,0.173761
5,1,0.616277,0.199171,0.883852
5,-1,1.583562,0.307906,0
5,-1,1.491451,0.611031,0.928206
5,-1,0.557736,1,0.899662
5,1,0.899703,0.883378,0.514364
5,1,0.699652,0.112678,0.887872
5,-1,1.466433,0.588311,0.807155
5,1,0.607896,0.225497,0.808244
5,1,0.5746,0.19459,0.80541
5,-1,0.624675,0.977147,0
5,-1,0.616301,0.996345,0.076429
5,-1,0.833474,0.217282,0
5,1,0.574612,0.17341,0.66831
5,1,0.507961,0,0.792873
5,1,0.657951,0.387251,0.667831
5,-1,0.750136,0.321714,0.010474
5,-1,0.574647,0.510297,0.189888
5,-1,0.657971,0.502869,0.295358
5,-1,0.850004,0.124533,0.016991
5,1,0.566296,0.009589,0.600215
5,-1,0.774639,0.270144,0.212505
5,-1,1.257887,0.76589,0.729773
5,-1,0.916333,0.900134,0.607972
5,-1,0.549624,0.788942,0.185383
5,-1,0.55798,0.558044,0.303694
5,-1,0.507948,0.379171,0.108441
5,1,0.424591,0.114413,0.505766
5,-1,0.591287,0.480629,0.101876
5,-1,0.666795,0.399631,0.198754
5,-1,0.724654,0.342715,0.061836
5,-1,0.58295,0.800666,0.305365
5,-1,0.532964,1,0.586676
5,1,0.47461,0.864238,1
5,1,0.399985,0,0.880934
5,-1,0.424581,0.843481,0.431339
5,1,0.924702,0.959978,0.517343
5,-1,0.666308,0.696739,0.206263
5,1,0.491235,0.085912,0.796558
5,-1,1.799626,0.807223,0.475038
5,1,0.307921,0.626938,1
5,-1,0.524558,0.899565,0.038635
5,-1,0.524603,0.300195,0.093103
5,1,1.008049,0.309834,0.415905
5,1,0.44958,0.326535,0.483627
5,1,0.491263,0,0.54064
5,-1,0.474597,0.922125,0.468259
5,-1,0.883447,0.754007,0
5,1,0.550106,0,0.279575
5,-1,1.224533,0.631334,0.471296
5,1,0.99963,0.010362,0.786339
5,1,0.433461,0.319739,0.793007
5,-1,0.749686,1,0.414072
5,1,0.533414,0,0.174852
5,1,0.582953,0.290799,0.990709
5,-1,0.983053,0.909396,0.69386
5,-1,0.474585,0.815115,0.119393
5,-1,0.441241,0.891996,0
5,-1,0.574636,0.495829,0.414942
5,-1,0.416196,1,0.324547
5,-1,0.582921,0.879273,0.700443
5,-1,0.908051,0.585647,0.683991
5,1,0.466249,0.079519,0.382048
5,-1,0.674623,0.505348,0.412296
5,-1,1.083534,0.194306,0.014893
5,1,0.42459,0.11487,0.776848
5,-1,0.45793,0.820769,0.407863
5,-1,0.649634,0.609414,0.408901
5,-1,0.416269,0.629542,0.078766
5,-1,0.833488,0.39569,0.284579
5,1,0.416728,0,0.493949
5,1,0.391263,0,0.708493
5,-1,0.424614,0.718847,0.022193
5,-1,0.649893,0.794189,0.683944
5,1,0.474582,0.104835,0.623405
5,1,0.949701,0.08344,0.296056
5,-1,0.666315,0.673791,0.438614
5,1,0.599626,0.623251,0.698154
5,-1,0.732976,0.998224,0.806463
5,1,0.833486,0,0.140208
5,1,0.499579,0.288866,0.603267
5,-1,0.549595,0.688198,0.107608
5,1,0.891325,0.198028,0.310587
5,-1,0.41629,0.722537,0.006903
5,-1,0.407941,0.513428,0
5,1,0.382945,0.076134,0.69579
5,1,0.933455,0.536119,0.908639
5,1,0.632959,0.621892,0.83391
5,-1,0.407849,0.723826,0.200622
5,-1,0.666326,0.707185,0.494387
5,-1,0.374573,0.913639,0.104608
5,-1,0.407908,1,0
5,1,0.357881,0.608944,1
5,-1,0.733383,0.69169,0.319364
5,1,0.59129,0.087973,0.684525
5,1,0.391239,0.085093,0.474771
5,-1,0.457975,0.513348,0.182707
5,1,0.441265,0.088737,0.2209
5,-1,0.599606,0.897664,0.711355
5,1,0.499635,0.815822,0.879933
6,1,3.141485,0.201388,0.397325
6,1,2.383035,0,0.81479
6,-1,3.666604,0.727684,0.094032
6,1,2.858119,0.012543,0.914347
6,-1,3.199818,0.476104,0.376803
6,-1,2.724774,1,0.012596
6,1,5.384003,0.526947,0.930936
6,1,5.608493,0.597477,1
6,-1,2.10799,0.956346,0.788015
6,1,2.774749,0.617904,0.7822
6,1,2.26682,0.315161,0.88757
6,1,3.183136,0.828865,0.938067
6,-1,4.691758,0.77883,0.505771
6,-1,3.233068,0.525129,0.106172
6,1,3.258142,0.378363,0.912922
6,-1,4.366728,0.994777,0.595016
6,1,5.791947,0.595665,0.687244
6,1,1.783408,0.344322,0.890373
6,1,3.667242,0.057353,0.435387
6,1,3.18312,0.828054,0.982806
6,1,3.917782,0.159454,0.30902
6,-1,2.733133,0.633069,0.173061
6,1,2.634226,0.31871,0.439929
6,-1,3.541533,0.802511,0.324754
6,-1,2.766385,0.434624,0.325005
6,-1,2.007948,0.609476,0.123406
6,1,2.67473,0.689725,0.991339
6,-1,2.408022,0.958329,0.30806
6,-1,2.967646,0.891148,0.220724
6,1,5.034088,0.518009,0.810894
6,1,1.766506,0.035349,0.395363
6,1,2.157914,0.225312,0.38136
6,1,2.225153,0.160523,1
6,1,2.324688,0.766639,0.885202
6,-1,1.433638,0.312457,0.009952
6,-1,1.61689,0.18919,0.098185
6,-1,2.066324,0.386114,0.331852
6,-1,1.899575,0.476751,0.332461
6,-1,1.616922,0.619469,0.299887
6,-1,2.207993,0.876085,0.238536
6,-1,2.199653,0.980415,0.468747
6,-1,1.916284,0.602531,0.520871
6,1,1.641406,0.485601,0.873434
6,-1,1.624549,0.68492,0.204936
6,-1,1.350204,0.199857,0
6,-1,2.016924,0.617954,0.386415
6,-1,2.42468,0.916828,0.394612
6,1,1.757941,0.173587,0.823627
6,1,2.616435,0.612767,0.876776
6,-1,2.325189,0.488599,0.419925
6,1,1.791274,0,0.509475
6,1,1.274695,0.0009,0.596245
6,-1,1.632839,0.32902,0.12045
6,-1,1.608121,0.794321,0.421263
6,1,2.007962,0.498417,0.557703
6,-1,2.424709,0.960899,0.282877
6,-1,1.150292,0.19496,0.097714
6,1,3.024839,0.175839,0.617593
6,-1,1.474538,0.795481,0.304324
6,-1,2.516414,0.4078,0.132841
6,1,1.350205,0.000413,0.192764
6,1,1.649571,0.198074,0.491974
6,1,1.866279,0.221902,0.788599
6,-1,2.316302,0.973806,0.872066
6,-1,1.250726,0.085994,0.000936
6,-1,2.216972,0.914563,0.360353
6,-1,1.383563,0.704369,0
6,-1,2.949803,1,0.674418
6,-1,1.575073,0.611024,0.291541
6,1,1.741242,0.082125,0.880325
6,1,1.991308,0.318119,0.994473
6,-1,1.533573,0.188654,0.033055
6,-1,1.900284,0.580838,0.224209
6,1,1.924622,0.385115,0.706144
6,1,3.449885,0.530083,0.584401
6,-1,1.358087,0.899178,0.198992
6,-1,1.367371,0.590944,0
6,-1,1.991289,0.865984,0.600495
6,-1,2.584239,0.611448,0.109968
6,1,1.216829,0.203769,0.775717
6,1,1.833595,0.111832,0.901599
6,1,1.649563,0.298088,0.629312
6,-1,1.383024,0.991752,0.101018
6,1,1.524674,0.764932,1
6,1,2.03363,0.204462,0.334393
6,-1,1.65793,0.832737,0.097226
6,1,1.591249,0.523502,0.729087
6,-1,1.491282,0.999041,0.207561
6,1,1.732876,0.304116,0.706968
6,1,1.383551,0.196696,0.370195
6,-1,1.466893,0.626921,0.106507
6,-1,1.491182,0.991637,0.413861
6,-1,1.207841,0.910519,0
6,1,1.65792,0.604764,0.803055
6,1,1.833615,0.316432,0.515347
6,-1,1.000143,0.107352,0.003723
6,1,1.69125,0.206703,0.290218
6,1,1.73361,0,0.401925
6,-1,1.732918,0.541065,0.204874
6,-1,1.324731,0.821961,0.580952
6,-1,1.483039,0.833848,0.70234
6,1,1.284025,0.004462,0.90176
6,-1,1.016852,0.305985,0.071196
6,-1,1.516894,0.457014,0.127525
6,-1,0.974702,0.695026,0.111802
6,1,2.116335,0.425313,0.795228
6,-1,1.94964,1,0.495443
6,1,1.600718,0.201877,0.98238
6,1,1.882889,0.586581,0.929859
6,-1,1.633123,0.449766,0.021025
6,-1,2.39139,0.405567,0.11909
6,1,1.366877,0.383974,0.717186
6,1,3.674948,0.199256,0.686599
6,1,1.82457,0.442209,0.979335
6,1,1.999604,0.302993,0.48831
6,1,1.634091,0.028809,0.988599
6,1,1.549563,0.688863,0.878344
6,1,1.632921,0.294078,0.703308
6,-1,1.433087,0.983685,0.591466
6,1,1.174493,0,0.600349
6,-1,0.950168,0.486439,0
6,-1,3.891644,0.894774,0.719291
6,-1,1.816977,0.275211,0
6,1,1.499756,0.336031,0.723611
6,-1,1.633946,0.81828,0.380417
6,1,1.483594,0.102701,0.791923
6,1,1.466425,0.466213,0.703996
6,-1,1.425276,1,0.371435
6,-1,2.016766,0.838451,0.709204
6,-1,1.317347,0.715909,0.179986
6,1,1.807946,0.137429,1
6,1,1.716287,0.142855,0.673461
6,1,1.99961,0.692449,0.789108
6,1,2.00012,0.682737,0.880075
6,1,1.516922,0.101265,0.211673
6,-1,1.87459,0.970866,0.084208
6,1,1.375033,0.312819,0.814124
6,1,1.233479,0,0.715969
6,-1,1.23299,0.87241,0.494683
6,1,1.450739,0.28028,0.910596
6,-1,1.299735,0.78329,0
6,-1,1.550224,0.332019,0.014013
6,-1,1.391401,0.606517,0.40285
6,-1,1.467374,0.730832,0.433013
6,-1,1.224707,0.292532,0.095803
6,1,2.591423,0.409892,0.491886
6,1,2.074641,0.51919,0.737144
6,-1,2.916404,0.73259,0.59185
6,1,1.891799,0.521084,1
6,1,1.633605,0.203907,0.518301
6,-1,0.933477,0.11282,0
6,1,1.69129,0.404089,0.584359
6,1,1.43354,0,1
6,1,1.041318,0,0.836506
6,-1,0.957986,0.996563,0.891078
6,-1,1.374544,0.514448,0.083873
6,1,1.316201,0.073421,0.884454
6,-1,1.066157,0.486883,0
6,1,1.283151,0.79267,0.94603
6,1,0.999666,0,0.695291
6,-1,1.441211,0.684486,0.597201
6,1,1.424509,0.509732,0.795036
6,1,1.433081,0.913494,1
6,1,1.31639,0.085437,0.802098
6,-1,0.882996,1,0.714578
7,-1,4.567506,0.971243,0
7,1,2.533144,1,0.397942
7,-1,2.749838,1,0.289023
7,-1,3.000607,0.609235,0.120982
7,-1,2.266378,0.20893,0.66509
7,1,1.791319,0.308511,0.779033
7,1,2.024716,0.489258,0.229095
7,1,3.150376,0.501885,0.70207
7,1,5.050227,0.316768,0.783579
7,-1,2.516482,0.400276,0.306799
7,-1,1.216879,0.709881,0.195526
7,1,0.808,0.273193,0.914776
7,-1,1.841363,0.853837,0.725081
7,-1,2.083757,0.301602,0.086396
7,-1,0.858043,0.937191,0.092891
7,1,3.883412,0.570176,0.222721
7,1,2.266415,0.891414,0.998956
7,-1,0.83298,0.41437,0.911702
7,-1,2.999899,0.519254,0.935814
7,-1,2.449804,0.889981,0.094969
7,1,2.434238,0.214311,0.815798
7,-1,3.417307,0.093349,0
7,1,1.774676,0.522009,0.708048
7,1,4.066773,0.984776,0.506812
7,-1,2.216424,0.881438,0.383215
7,-1,4.650206,0.001888,0.993054
7,-1,6.368282,1,0.056586
7,-1,1.374597,0.380634,0.095881
7,1,0.482908,0.007834,0.89217
7,-1,1.466451,0.812127,0.721729
7,-1,0.517227,0.629924,0.295203
7,-1,1.182898,0.523219,0.202741
7,-1,0.900109,0.089402,0.008941
7,-1,0.64964,0.693767,0.307187
7,1,1.733615,0.133168,0.163081
7,-1,1.408133,0.986788,0.569913
7,1,1.607968,0.26359,0.980576
7,-1,0.833018,0.809611,0.276796
7,1,1.666935,0,0.382674
7,1,1.008036,0.54747,0.84406
7,1,0.607967,0.581482,0.821743
7,-1,0.799651,0.794662,0.395786
7,1,1.33356,0.106971,0.212062
7,-1,0.507954,0.914548,0.009574
7,1,0.59128,0.106957,0.474627
7,1,0.633377,0,0.070695
7,-1,1.149524,0.98914,0.926193
7,1,1.257908,0.309627,0.502366
7,1,0.916779,0,0.682536
7,-1,0.600603,0.6125,0.028662
7,1,0.641325,0.275665,1
7,-1,0.999682,0.471229,0.015845
7,-1,0.566727,0.292542,0.017293
7,1,0.599552,0.093189,0.30439
7,1,0.78298,0.078655,0.38754
7,1,2.199724,0.386509,0.889593
7,-1,1.033464,0.681929,0.631054
7,-1,0.966367,0.478786,0.009214
7,1,0.532977,0.20277,0.868216
7,-1,0.741321,0.805516,0.485739
7,1,0.758003,0.277826,0.899002
7,1,0.7163,0.300587,0.674942
7,1,0.582931,0.306317,0.596916
7,-1,0.766345,0.987854,0.006552
7,1,1.308085,0.591635,0.989232
7,-1,0.532966,0.689473,0.104801
7,-1,1.116888,0.473149,0.111045
7,-1,1.216186,0.920631,0.701973
7,1,0.833034,0.195992,0.885021
7,1,0.899706,0.185492,1
7,-1,1.016384,0.79361,0.103753
7,-1,0.483456,0.778155,0.101169
7,1,0.700117,0,0.177931
7,1,0.557989,0.09172,0.996127
7,-1,1.908016,0.773451,0.686863
7,1,0.933467,0.486032,0.745504
7,-1,1.266248,0.519314,0.391815
7,1,1.299554,0.622549,0.710203
7,1,0.757944,0.587593,0.926011
7,-1,0.641289,0.615665,0
7,-1,0.674608,0.682399,0
7,-1,0.657972,0.605999,0
7,-1,0.924693,0.589453,0.40386
7,-1,0.632983,0.702865,0.002818
7,1,0.616311,0.062572,0.783262
7,1,0.641309,0.287555,0.685364
7,-1,0.532897,0.605338,0.091512
7,1,1.584112,0.287165,0.373791
7,-1,2.149736,0.609791,0.501889
7,1,1.26641,0.358684,0.500785
7,-1,1.534033,0.992118,0.630023
7,-1,0.566272,0.912923,0
7,-1,2.341372,0.804218,0.596386
7,1,0.97518,0.490759,1
7,-1,2.774843,0.317582,0.242741
7,-1,1.900155,0.91848,0.840549
7,-1,1.674651,0.607368,0.47719
7,-1,2.98386,0.39962,0.301689
7,-1,0.850157,0.191813,0
7,-1,0.741292,1,0.382401
7,-1,3.116587,0.612028,0.395454
7,-1,0.950098,1,0.739372
7,1,2.224751,0.405802,0.596512
7,1,1.608148,0.492657,0.806549
7,1,1.983531,0.514392,0.623047
7,1,2.06637,0.475708,0.922339
7,-1,0.975068,0.68393,0.412407
7,1,1.308573,0.792465,1
7,1,1.208084,0.016503,0.420325
7,-1,1.900704,0.92185,0.81182
7,-1,2.750499,0.677692,0.114799
7,-1,9.817849,0.987364,0.811034
7,-1,8.402014,0.813708,0.012399
7,-1,7.668519,0.502973,0.28779
7,1,6.01709,0.09974,0.882005
7,1,3.441623,0.178168,1
7,-1,1.150629,0.977938,0.691304
7,-1,1.033054,0.419483,0.210422
7,-1,2.874882,0.884003,0.489805
7,1,1.908029,0.700263,0.881472
7,1,9.818487,0.202755,0.997704
7,-1,4.508523,0.772859,0.408684
7,1,3.050538,0.007382,0.193407
7,1,3.066548,0.442289,0.706798
7,1,3.984065,0.616846,0.682243
7,-1,1.707978,0.752376,0.391715
7,1,1.217363,0.222795,0.908276
7,1,1.933023,0.190107,0.795147
7,-1,0.899648,1,0.673531
7,1,1.349757,0.585938,0.814544
7,-1,0.78393,0.806855,0
7,1,0.916339,0,0.500126
7,1,0.699602,0.190275,0.674815
7,-1,0.491279,0.52223,0.225557
7,-1,1.416449,0.900771,0.630072
7,-1,1.183037,1,0.88694
7,1,1.116388,0.584033,0.892946
7,1,2.500291,0.282547,0.599696
7,-1,0.724679,0.571515,0.079155
7,1,0.574639,0.159509,0.807911
7,1,2.574778,0.380318,0.675738
7,-1,0.874647,1,0.405771
7,1,2.091345,0.009778,0.415254
7,1,3.466676,0.508134,0.992668
7,1,1.399834,0.316185,0.475634
7,-1,2.683174,0.81274,0.679545
7,1,2.291429,0.815368,0.866753
7,1,1.633171,0.204646,0.394716
7,-1,2.067498,0.480439,0.408807
7,1,1.733643,0.122409,0.711788
7,1,1.516306,0.08925,0.485425
7,1,1.616286,0.107263,0.288984
7,-1,1.366214,0.99577,0.79508
7,-1,0.666287,1,0.089674
7,1,1.699652,0.279133,0.872859
7,1,1.799685,0.206476,0.592402
7,-1,1.066879,0.191049,0.100102
7,1,2.067005,0.21036,0.282989
7,1,1.717035,0,0.298519
7,1,1.441495,0.023879,0.807167
7,-1,0.97469,0.311241,0.182686
7,1,1.583581,0,0.2661
7,1,1.574639,0.207513,0.613931
7,1,1.49128,0.114252,0.388404
7,1,1.774859,0.206488,0.392912
8,-1,2.024528,0.802366,0
8,-1,1.424586,0.421227,0.008596
8,1,1.499793,0.333153,0.502303
8,1,1.641319,0.213996,0.483958
8,1,2.874883,0.410622,0.815969
8,1,2.225177,0.998602,0.193797
8,1,3.083217,0.211046,0.924414
8,1,3.066572,0.217132,0.762929
8,-1,1.249545,0.485137,0.769906
8,1,1.500307,0.065235,0.193017
8,1,1.600181,0.588471,0.512053
8,1,1.008029,0.101357,0.683941
8,1,1.541228,0.97624,0.855213
8,-1,1.241436,0.557011,0.105141
8,1,1.208081,1,0.914486
8,-1,4.200089,0.388124,1
8,1,1.284033,0.294574,0.386596
8,-1,1.774621,0.847448,0.995362
8,1,3.008217,0.903848,0.718086
8,1,4.034051,0.776717,0.389412
8,1,5.933735,0.268313,0.907656
8,-1,3.200596,0.189075,0.123698
8,1,2.983227,0.427113,0.693287
8,1,3.224911,0.090179,0.605175
8,-1,3.817385,0.697396,0.099374
8,-1,1.099714,0.604927,0.005341
8,1,0.991375,0.283503,0.582256
8,1,1.483613,0.123056,0.327942
8,-1,1.624831,0.522914,0.919188
8,-1,4.267403,0.614735,0.689625
8,1,1.374777,0.997093,0.107769
8,-1,4.391804,0.968171,0.276342
8,1,1.300193,0.09793,0.518048
8,1,2.524801,0.384875,0.906094
8,1,1.233092,0.001377,0.593672
8,1,0.783441,0,0.163151
8,1,2.391895,0.706973,0.490218
8,1,1.316906,1,0.517489
8,1,2.183044,0.198734,0.818462
8,-1,1.758171,0.830901,0.080758
8,-1,7.701873,0.487163,0.701908
8,1,2.958232,0,0.789459
8,-1,1.449484,0.923721,0
8,1,1.22473,0.266592,0.383498
8,-1,2.116373,1,0
8,1,2.066852,1,0.671512
8,-1,1.474775,0.693237,0.112581
8,1,2.349723,0.589665,0.855834
8,1,1.491426,0.168068,0.587413
8,-1,5.517017,0.921961,0.075399
8,1,2.166374,0.308132,0.779406
8,-1,5.542012,0.712971,0.911186
8,1,1.000646,0.319205,0.510114
8,1,2.616478,0.684037,0.535037
8,-1,2.674802,0.402924,0.076471
8,1,3.266623,0.909393,0.392805
8,1,2.783164,0.483296,0.786854
8,-1,2.216405,0.59409,0.204119
8,1,2.649819,0.166637,0.39045
8,-1,2.184247,0.671853,0.308816
8,1,1.79963,0.182876,0.928825
8,-1,1.257899,0.600958,1
8,1,1.207891,0.217157,0.390818
8,-1,0.933476,0.294903,0.015341
8,1,2.983202,0.488426,0.588126
8,1,1.850801,0,0.19107
8,-1,3.349949,0.687242,0.427189
8,-1,0.966908,0.498092,0.035803
8,-1,0.966395,0.319438,0.096764
8,1,1.341393,0.201454,0.27934
8,1,2.341418,0.009117,0.98234
8,1,1.474575,0.788722,0.584808
8,-1,0.983016,0.877327,0.046651
8,1,1.599816,0.713196,0.617488
8,1,1.166256,0.074759,0.864548
8,1,2.466928,0.811843,0.86103
8,-1,2.758172,1,0.065285
8,1,1.699609,0.597121,0.984501
8,-1,1.266334,0.482934,0
8,-1,2.599818,0.574509,0.395166
8,-1,1.383136,0.3924,0.204009
8,-1,1.158074,0.89248,0.193572
8,1,0.966335,0.609193,0.521458
8,-1,0.933466,0.108488,0
8,1,2.141321,0.802093,0.464654
8,-1,4.516854,0.516308,0.20611
8,1,1.000186,0.287906,0.371812
8,1,1.249565,0.084196,0.800855
8,1,1.016308,0.315538,0.692892
8,-1,0.858004,0.600316,0
8,1,0.891345,0.22019,0.31843
8,-1,0.807952,0.429629,0.09142
8,1,1.924666,1,0.801356
8,-1,1.399793,0.797042,0.909948
8,1,2.258079,0.792131,0.679639
8,1,1.007987,0.175094,0.813522
8,-1,1.600082,0.621177,0.787934
8,1,1.05021,0,0.29158
8,1,2.207979,0.203626,0.579935
8,-1,1.424785,0.410934,0.006386
8,-1,1.882992,0.807048,0.897581
8,-1,2.658116,0.659847,0
8,1,0.757988,0.890782,0.520745
8,-1,1.616315,0.277629,0.206745
8,-1,1.350683,0.575645,0.084099
8,-1,2.183047,0,0.477546
8,1,1.949704,0.306863,0.915063
8,-1,1.933021,0.62774,0.425778
8,1,0.983995,0.402637,0.517732
8,1,1.191213,0.825059,0.58994
8,-1,1.21686,0.07944,0
8,1,0.916813,0.116536,0.207607
8,-1,1.274783,0.665186,0.995237
8,-1,2.183046,0.579807,0.916446
8,-1,1.482953,0.700731,0.198646
8,-1,2.258073,0.508528,0.44054
8,-1,0.900166,0.679421,0.16821
8,1,2.349758,0.497121,0.116447
8,-1,0.891326,0.730003,0.295752
8,-1,0.94966,0.394788,0.104115
8,-1,2.891515,0.69374,0.817535
8,1,1.649825,0.004001,0.905773
8,-1,1.933644,0.834115,0.389219
8,-1,1.300229,0.812768,0.09994
8,1,1.766992,0.035402,0.14396
8,1,0.974686,0.918448,0.743746
8,-1,4.558475,0.825393,1
8,1,6.542202,0.186897,0.698306
8,1,2.666488,0.322579,0.895633
8,-1,2.683138,0.516662,0.993493
8,1,2.574761,0.972077,0.874132
8,-1,3.251039,0.37112,0.026196
8,1,5.041868,0.19995,0.989535
8,1,1.041356,1,0.317018
8,1,0.833484,0,0.184209
8,1,1.233555,0.286071,0.099708
8,-1,0.908047,0.710015,0
8,1,1.566246,0.270337,0.801368
8,-1,3.558367,0.483249,0.864132
8,-1,2.766992,0.97611,0.110682
8,-1,1.38292,0.414432,0.994908
8,1,2.174717,0.092319,0.876604
8,-1,0.98303,0.502372,0.231579
8,-1,1.057823,0.479129,0.109357
8,1,2.508106,1,0.702502
8,-1,3.08323,0.38637,1
8,1,1.524605,0.392802,0.634591
8,-1,0.733338,0.510184,1
8,1,1.749871,0.883624,0.597943
8,-1,1.075195,0.792905,0.279459
8,1,1.824663,0.397718,0.508152
8,-1,1.124689,0.564907,0.309047
8,-1,0.766357,0.508797,0.317313
8,-1,0.717259,0.760702,0
8,1,2.191406,0.868999,0.416969
8,1,1.174753,0,0.689183
8,-1,1.491267,0.284449,1
8,1,1.266448,0.985016,0.184553
8,1,0.650158,0.016692,0.31806
8,-1,3.299994,0.594231,0.692146
8,-1,1.049704,0.980107,0.002225
8,-1,1.066376,0.629827,1
8,-1,2.60814,0.698661,0.407705
8,1,1.624627,0.319722,0.633907
8,1,3.925057,0.803437,0.724647
9,1,1.666254,0.087445,0.703449
9,1,3.616599,0.277772,0.404961
9,-1,1.533523,0.477141,0
9,1,1.032987,0.200466,0.917118
9,-1,1.741303,0.292282,0.162153
9,-1,2.233018,0.604535,0.995298
9,-1,1.333047,0.873096,0.281254
9,1,0.933923,0.323035,0.69689
9,1,0.883487,0,0.11286
9,-1,0.816323,0.391151,0.176158
9,-1,1.782923,0.980593,0.560969
9,-1,0.916792,0.730803,0.103387
9,-1,1.133492,0.614466,0.031269
9,1,1.557908,0.002259,0.782274
9,-1,1.041161,0.703645,0.176005
9,1,1.066374,0.11643,0.385305
9,-1,1.882959,0.398007,0.619229
9,-1,1.233552,0.207339,0.102147
9,1,1.716457,1,0.310399
9,1,0.750161,0,0.699677
9,1,0.766298,0.079387,0.923181
9,-1,0.616255,0.884209,0
9,1,1.282871,0.993542,0.70461
9,1,1.449665,1,0.710127
9,-1,1.484019,0.593129,0.328261
9,-1,0.966321,0.608495,0.09648
9,-1,0.800191,0.607874,0.506307
9,-1,0.800124,0.225691,0.00332
9,-1,2.424648,0.397169,0.285487
9,1,0.841324,0.084785,0.812754
9,1,3.833864,0.915281,0.32568
9,-1,2.483031,0.58152,0.801937
9,-1,0.716779,0.307442,0
9,1,0.582928,0.022982,0.387761
9,-1,1.183464,0.661892,0.520698
9,1,0.716784,0.297496,0.815845
9,-1,1.491223,0.495105,0.369905
9,-1,1.466269,0.317061,1
9,-1,1.207994,0.96865,0.202974
9,-1,1.207677,0.909319,0.164799
9,1,1.157879,1,0.886822
9,1,1.799612,0.531231,0.866311
9,1,2.783145,0.223502,0.618412
9,-1,2.499741,0.790091,0.187973
9,1,1.474755,0.226668,0.50817
9,1,3.483726,0.497406,0.880523
9,1,1.866303,0.617668,0.77651
9,-1,1.566279,0.709759,0.789908
9,1,1.307829,0.287991,0.923144
9,-1,1.816302,0.428143,0.228803
9,-1,1.50812,0.810468,0.916472
9,1,1.908149,0.394041,0.725019
9,-1,2.708133,0.912559,0.404129
9,1,1.71627,0.310886,0.679833
9,-1,1.491265,0.438131,0.312006
9,1,1.374551,0.427463,0.534192
9,1,0.958007,1,0.601616
9,-1,0.991324,1,0
9,1,3.733309,0.511933,0.784229
9,1,1.250624,0.190062,0.457144
9,1,1.38307,1,0.812322
9,1,1.091371,0.516734,0.783388
9,1,2.250367,0,0.600249
9,-1,0.582949,0.790405,0
9,1,1.100212,0,0.084729
9,-1,1.249532,0.725728,0.185536
9,1,1.591214,0.399866,0.592663
9,-1,1.574561,0.605077,0.294348
9,-1,1.407913,0.886922,0.985008
9,-1,4.108381,0.61315,0.666067
9,-1,1.416423,0.865806,0.998092
9,1,0.883402,0.103452,0.500777
9,-1,1.766306,0.808451,0.306173
9,-1,0.683501,0.279625,0.019356
9,1,1.116375,0,0.731414
9,-1,2.183497,0.411455,0.812014
9,-1,1.433062,0.835884,0.316579
9,-1,1.941924,0.409374,0.898111
9,-1,1.700317,0.312045,0.134097
9,1,1.691415,1,0.482967
9,1,1.250645,0.519148,0.596224
9,1,1.207874,0.328563,0.508667
9,1,0.666288,0.095891,0.899596
9,1,1.149684,0.864139,0.783873
9,-1,1.108,0.79097,0.200926
9,1,0.950579,0.913366,0.699323
9,-1,4.241698,0.809005,0.393009
9,1,0.982996,0.290748,0.518718
9,1,0.641305,0,0.911125
9,1,0.941337,0.086882,0.902434
9,1,1.774635,0.909011,0.722116
9,1,2.416345,0.204727,0.594816
9,-1,3.651054,0.788012,0.084545
9,1,2.250497,0,0.983793
9,-1,2.833192,0.726616,0.221691
9,-1,1.591427,0.295837,0.097838
9,1,2.741451,0.212833,0.884986
9,-1,0.691292,0.520435,0.101538
9,1,2.233688,0,0.374595
9,-1,1.833009,0.715782,0.096593
9,1,1.583125,1,0.116405
9,-1,0.917311,0.341859,0.117101
9,1,0.591236,0.108089,0.61663
9,1,0.616298,0.110594,0.950345
9,-1,1.649642,0.513891,0.682728
9,-1,2.741425,0.769166,0.8505
9,-1,1.266268,0.508774,0.43451
9,-1,1.4167,0.576624,0.503666
9,-1,1.316205,0.5882,0.805626
9,1,1.666378,0.36689,0.907239
9,-1,2.416383,0.618559,0.893403
9,1,1.666251,0.211642,0.282329
9,-1,1.133575,0.182567,0.001222
9,1,2.558092,0.909538,0.519772
9,-1,2.067466,0.629857,0.291752
9,-1,0.700057,0.210235,0.037963
9,-1,1.166354,0.62603,0.388574
9,1,1.132855,0.980582,0.751163
9,-1,0.941354,0.713063,0.47177
9,1,1.474747,0.198799,0.458387
9,1,1.550727,0.18705,0.577505
9,1,2.250333,0.006961,0.56866
9,1,1.649596,0.781466,0.719373
9,-1,1.700255,0.294075,1
9,1,2.024655,0.531079,0.998729
9,1,1.708086,1,0.445352
9,-1,0.849593,0.737867,0.305668
9,-1,1.057924,1,0.235535
9,1,1.224701,0.903675,0.718174
9,1,1.016347,0.566388,0.673946
9,1,1.016966,0.017335,0.879271
9,-1,0.850112,0.215394,0.084488
9,-1,0.782991,0.509188,0.006369
9,1,1.924616,1,0.729323
9,1,1.066808,0.115864,0.409274
9,1,3.074856,0.410227,0.698496
9,-1,1.583535,0.998475,0.422797
9,1,1.424771,0.203749,1
9,-1,1.458103,0.584788,0.711478
9,1,2.958114,0.883084,0.553887
9,-1,1.434024,0.734364,0.403256
9,1,1.500241,0.19987,0.332857
9,1,0.982991,0,0.797744
9,1,6.475378,0.523404,0.989251
9,-1,3.091508,0.822512,0.424726
9,-1,1.257882,0.796416,1
9,1,1.391238,0,0.984744
9,-1,2.091341,0.386072,0.184827
9,1,0.874679,0.026293,0.425632
9,1,1.274705,0.324819,0.525311
9,-1,0.999854,0.107416,0.003689
9,1,3.024844,0.183708,0.773272
9,1,3.024847,0.78602,0.48973
9,1,1.057979,0.069203,0.828431
9,1,1.06684,0,0.300581
9,-1,0.933453,0.211705,0.110579
9,-1,0.666303,0.745304,0
9,-1,0.841301,0.515765,0.072595
9,1,2.324722,0.978093,0.385747
9,1,1.957992,0.577291,0.867598
9,1,0.666757,0.118521,0.400358
9,-1,2.399745,1,0.112839
9,1,0.700111,0.10596,0.586946
9,-1,1.557914,0.652811,0.806784
9,-1,0.85009,0.507408,0.020374
10,1,2.141415,0.17869,0.915332
10,1,1.374785,0.852424,0.699164
10,-1,1.141349,0.61383,0.170669
10,-1,1.400712,0.272939,0.922328
10,1,0.966834,0.181727,0.398366
10,-1,3.675017,0.605187,0.401643
10,-1,1.507933,0.69457,0.168475
10,1,0.932999,0.882834,0.508459
10,1,1.099703,0.977593,0.690802
10,-1,1.733612,0.358828,0.313179
10,1,1.424768,0.825312,0.302248
10,1,0.749608,0.583224,0.513208
10,-1,0.758292,0.412327,0.798414
10,1,0.74115,0.306779,0.601309
10,1,0.683452,0.01152,0.179925
10,1,1.166851,0.027549,0.17462
10,-1,5.933827,0,1
10,1,2.334205,0,0.542985
10,1,2.37475,1,0.097657
10,1,1.73298,0.913849,0.399228
10,1,0.991362,0.619584,0.379971
10,1,0.874658,0.189104,0.507536
10,1,1.124532,0.794636,0.326798
10,-1,2.333714,0.438655,0.316166
10,1,1.499772,0.099861,0.31657
10,-1,0.774665,0.713612,0.037467
10,-1,7.05066,0.193207,0.589979
10,-1,1.016379,0.007047,0.797466
10,1,1.141216,0.991562,0.395098
10,1,0.700083,1,0.217161
10,1,0.724652,0.977868,0.460768
10,1,0.474575,0.925133,0.394925
10,-1,3.383293,0.412525,0.582096
10,1,0.716283,0.922339,0.590949
10,1,2.199747,0.819771,0
10,-1,2.917661,0.29323,0.213577
10,-1,0.749658,0.516751,0.688929
10,-1,0.632977,0.508517,0.802107
10,-1,6.06715,0.000998,0.40641
10,1,0.94969,0.71518,0.629786
10,1,0.491306,0.78723,0.095508
10,-1,2.016408,0.459272,0.299711
10,-1,1.275039,0.052043,0.996743
10,-1,1.65815,0.074877,0.987526
10,-1,0.550553,0.101072,0.901502
10,-1,0.5913,0.209054,0.789151
10,1,1.550305,0.318468,0
10,1,0.63297,0.814568,0.213051
10,1,1.28306,0.58905,0.4733
10,1,1.233536,1,0.701829
10,1,0.449572,0.697063,0.188351
10,-1,1.199752,0.583653,0.79092
10,1,0.68293,0.909272,0.584534
10,-1,0.683129,0.595248,0.993478
10,1,0.666757,0.036177,0.2962
10,1,0.783474,0.767183,0.011475
10,1,0.71631,0.94719,0.2317
10,-1,0.767089,9.3e-05,0.13171
10,1,1.741318,0.882123,0.834499
10,-1,0.583926,0.131133,0.531831
10,1,0.416309,0.89216,0.054811
10,1,0.8995,0.90665,0.794885
10,-1,1.033014,0.19949,0.309506
10,-1,0.516125,0.30325,0.908173
10,-1,0.566636,0.188674,0.398764
10,-1,0.8747,0.298189,0.474877
10,-1,0.524619,0.498734,1
10,1,1.30023,0.152576,0.102334
10,-1,0.474618,0.285738,0.71039
10,-1,0.591287,0.153932,0.600662
10,1,0.549631,0.701695,0
10,-1,0.432934,0.08856,0.697955
10,-1,0.866348,0.20011,0.894585
10,-1,0.582914,0.934394,1
10,1,0.499617,0.817528,0.370845
10,1,0.450096,1,0.18794
10,-1,0.433381,0.092682,0.805493
10,1,0.633022,0.599824,0
10,-1,1.92471,0.233369,0.288051
10,-1,2.383113,0.316866,0.400468
10,1,0.591138,1,0.629063
10,-1,1.466474,0.195614,0.507114
10,1,1.234011,0.478562,0.304208
10,1,0.799664,0.703157,0.19487
10,-1,0.591293,0.420091,1
10,-1,1.38361,0.090171,0.276706
10,1,0.933044,0.408737,0.10349
10,-1,0.582955,0.308505,1
10,1,0.966345,0.688582,0.572786
10,1,0.691301,0.801947,0.494996
10,1,0.516226,0.790853,0.18579
10,-1,0.541259,0.403766,0.913081
10,1,0.549611,0.602837,0.29092
10,1,0.557706,0.782388,0.672439
10,-1,0.574627,0.094535,0.681045
10,-1,0.699634,0.000399,0.999602
10,1,1.416866,0.091297,0.012159
10,-1,0.69966,0.700784,0.918616
10,1,0.908048,0.987121,0.292067
10,1,1.649822,0.823597,0.602066
10,-1,0.875147,0.812643,0.9152
10,1,1.166393,0.776734,0.672662
10,1,0.691273,0.484137,0
10,1,1.333584,0.209862,0.091739
10,1,0.683506,0.302877,0.04814
10,1,0.516289,0.488034,0.02847
10,1,0.774532,0.519059,0.417118
10,-1,0.933482,0.801851,0.992385
10,-1,0.649644,0,0.397424
10,-1,0.899722,0.4148,0.786212
10,1,0.532974,0.915072,0.018959
10,-1,1.149729,0.105078,0.495443
10,1,0.966352,0.504718,0.396229
10,1,1.008042,0.181676,0.434893
10,-1,1.650306,0.008676,0.592791
10,-1,0.766354,0,0.904472
10,1,0.43278,0.865418,0
10,-1,0.574656,0.091869,0.700439
10,-1,2.033049,0.37836,0.523729
10,-1,0.841349,0.265281,0.97255
10,-1,1.058051,0.498657,1
10,1,0.499616,1,0.905756
10,1,0.466169,1,0.824246
10,1,0.500067,0.136085,0
10,1,0.616304,0.707805,0.494723
10,1,0.791328,0.6886,0.353406
10,-1,0.649681,0.205375,0.990461
10,1,0.350011,0.779849,0.102448
10,-1,0.516742,0,0.571937
10,1,0.407898,0.711906,0.284481
10,1,0.432911,0.93133,0.117453
10,1,0.507897,0.857543,0.31763
10,1,1.016833,0.191786,0.094937
10,1,0.516649,0.596523,0.496271
10,-1,0.682983,0.295794,0.731316
10,-1,0.450065,0.062511,0.401018
10,-1,0.57463,0.400297,1
10,-1,1.591318,0.052906,0.43836
10,-1,0.466245,0,1
10,1,1.599633,0.757732,0.613574
10,-1,0.600087,0.07519,0.607695
10,-1,1.132872,0.133729,0.481591
10,-1,0.632951,0.469868,0.918177
10,-1,1.307882,0.402605,0.71229
10,-1,0.666275,0.618016,0.908653
10,1,0.466256,0.897793,0.492684
10,-1,4.891919,0.687887,1
10,-1,0.857988,0.293911,0.573408
10,-1,0.657996,0.592267,0.717489
10,1,0.532942,0.990577,0.784621
10,-1,0.466221,0.433638,0.684662
10,1,0.524608,1,0.913601
10,1,0.650097,0.211524,0.003117
10,-1,0.667246,0.223578,0.501354
10,1,0.574632,0.708058,0.483646
10,1,0.407935,0.687651,0.007893
10,-1,0.574638,0.558927,1
10,-1,0.407914,0.313988,0.807628
10,1,1.01679,0.100248,0.291122
10,1,1.283111,0.767679,0.712192
10,-1,0.6578,0.06377,0.613614
10,1,0.432955,0.383361,0.008853
10,1,0.657787,0.886808,0.7088
10,-1,0.4914,0.092188,0.603065
10,-1,0.457948,0.499066,0.785427
11,-1,2.266429,0.697225,0.759225
11,-1,1.866328,0.589108,0.263297
11,-1,2.817196,0.112396,0.005364
11,-1,1.499802,0.511938,0.211655
11,1,3.083187,0.216283,0.609816
11,-1,0.924703,0.538363,0.808151
11,-1,1.841352,0.800253,0.082118
11,-1,1.008054,0.589879,0.123511
11,-1,9.37609,0.921653,0.284086
11,-1,0.607974,0.611369,0.989312
11,-1,0.899676,0.410807,0.311786
11,-1,1.357909,0.799423,0.015085
11,1,1.308054,0.86422,0.514877
11,1,1.700272,0.97579,0.801223
11,-1,1.833474,0.737327,0.216255
11,1,1.649842,0,0.689493
11,1,0.950634,0.300506,0.474213
11,-1,1.357892,0.410166,1
11,1,1.299743,0.303556,0.784441
11,1,1.18406,0.163686,0.381463
11,1,0.807985,0.286292,0.46914
11,1,1.233491,0.092323,0.161158
11,1,0.599638,0.182176,0.681358
11,-1,1.050165,0.304434,0.05266
11,1,1.016388,1,0.493989
11,-1,1.066183,0.593098,0.025819
11,1,1.949707,0.004196,0.722228
11,1,1.574639,0.197272,0.736058
11,-1,1.49982,0.499226,0.131543
11,1,1.099736,0,0.809343
11,1,2.966579,0.381785,0.771742
11,-1,1.008043,0.609666,0.19908
11,1,2.816581,0.818297,0.640109
11,1,0.749674,0.087837,0.599097
11,1,0.941372,0.128954,0.493844
11,-1,1.050169,0.595735,0.092653
11,1,0.924665,0.940019,0.71334
11,-1,1.008018,0.872371,0.230074
11,1,1.433601,0.298254,0.428396
11,-1,1.533557,0.668863,0.408246
11,-1,3.291598,0.551095,0.412359
11,1,1.449777,0.007861,0.703504
11,1,4.950839,0,0.110447
11,-1,9.434417,0.918752,0.385274
11,-1,1.791327,0.972136,0.225321
11,1,1.441278,0.12736,0.704668
11,1,0.966796,0.108914,0.988605
11,-1,5.134722,0.304163,0
11,-1,0.733486,0.505832,0.220739
11,-1,0.783454,0.610478,0
11,1,1.816538,1,0.863735
11,1,6.275992,0.882565,0.822456
11,1,0.933032,0.894068,0.515159
11,-1,1.233088,1,0.095845
11,-1,1.166399,0.70918,0.116331
11,1,2.63316,1,0.32191
11,1,0.583426,0.008432,0.411261
11,1,0.483382,0.061373,0.322053
11,-1,1.741328,0.810191,0.196113
11,-1,1.041374,0.435122,0.175815
11,1,1.133073,1,0.819505
11,-1,1.216392,0.518771,0.621899
11,1,0.666854,0,0.420608
11,-1,0.574587,0.572966,0.182809
11,1,2.366445,0.586141,0.51853
11,1,1.399606,0.300632,1
11,-1,1.549565,0.630143,0.26525
11,-1,2.499791,0.890307,0.006358
11,-1,2.78313,0.713602,0.10023
11,-1,0.749669,0.913299,0.07244
11,1,0.624629,0.005939,0.501304
11,1,1.000114,0.99739,0.516013
11,1,1.516463,0.014041,0.86625
11,1,2.634272,0.112612,0.995177
11,-1,1.949681,0.702519,0.923493
11,1,1.024744,0.920994,0.81619
11,1,2.367078,0.228233,0.291518
11,1,3.249972,0.307837,0.722048
11,1,0.800098,0,0.170662
11,1,0.69955,0,0.463994
11,1,4.384084,0.288038,0.860615
11,-1,0.974718,0.77838,0.016549
11,1,1.59981,0.300096,0.797483
11,1,1.03304,0.972028,0.717864
11,-1,2.591488,0.979596,0.183457
11,1,3.975082,0.370361,1
11,-1,2.574821,0.418436,0.927552
11,1,1.757998,0.390608,0.62033
11,-1,1.824683,0.879321,0.100313
11,1,0.899683,0.783072,0.420159
11,-1,0.816342,0.880186,0.169456
11,1,1.358345,1,0.428153
11,1,2.150369,0.097485,0.176199
11,1,1.616919,0.005132,0.991143
11,1,1.967011,0.004084,0.174063
11,-1,2.783185,0.69285,0.821043
11,1,2.158078,0.892046,0.615613
11,-1,1.05807,0.508891,0.674635
11,1,1.56694,0,0.260329
11,1,6.89227,0.396428,0.70948
11,1,2.100323,0.087974,0.910109
11,1,1.958001,0.091277,0.28323
11,1,0.574629,0.00692,0.407022
11,-1,1.274743,0.877844,1
11,-1,2.024686,0.461187,0.720416
11,-1,2.584333,0.50484,0.225056
11,-1,1.857998,0.400301,0.225363
11,1,1.199718,0.123508,0.50296
11,-1,1.033498,0.379219,0.052692
11,1,0.958012,0.205978,0.307357
11,1,1.874657,0.004181,0.50598
11,1,1.191435,0.00674,0.998171
11,-1,1.116401,0.712466,0.277779
11,-1,1.733445,0.717353,0.888983
11,-1,1.524415,0.815925,0.118799
11,1,1.24135,0.977614,0.508634
11,-1,1.750788,0.691353,0.409468
11,1,1.641453,0.399923,0.504804
11,1,1.800781,0.170484,1
11,1,3.116584,0.294168,0.509759
11,-1,1.199482,0.568702,0.754596
11,-1,1.716954,0.975693,0.27651
11,-1,1.183549,0.105704,0.004532
11,-1,1.424783,0.588167,0.998063
11,-1,3.349959,0.79313,0.448593
11,1,1.30807,0.282305,0.814193
11,1,1.716951,0.405392,0.489905
11,1,0.924703,0,0.59306
11,-1,1.09139,0.777485,0.19256
11,1,1.667398,0.10901,0.411149
11,-1,1.482961,0.175722,0.097575
11,1,1.724653,0.715211,0.502679
11,-1,1.258099,0.526511,0.40165
11,-1,3.324947,0.535072,0.613214
11,1,1.491447,0.302699,0.597865
11,-1,1.950135,0.673847,0.799798
11,1,2.399797,0.872006,0.844225
11,1,1.008025,1,0.71104
11,1,3.967205,0.9067,0.408832
11,-1,5.551512,0.396209,0.089102
11,1,0.949713,0,0.905856
11,-1,0.79966,0.789197,0.169386
11,-1,0.808021,0.583876,0.695095
11,-1,1.641311,0.626228,0.97674
11,1,1.78301,0.776962,0.488623
11,1,1.682984,0.711496,0.602899
11,-1,0.999714,0.732675,1
11,1,1.066679,0.910821,0.616808
11,1,2.433753,0.004874,0.211669
11,-1,0.75801,0.832868,0.087545
11,-1,1.058068,0.600929,0.79299
11,-1,1.391431,0.421876,0.333203
11,1,1.625277,0.655231,0.61474
11,-1,1.641495,0.760863,1
11,1,2.283702,0.010425,0.28181
11,1,4.191802,0,1
11,1,1.216337,0.917964,0.598617
11,-1,1.984106,0.502884,0.81206
11,-1,1.308094,0.888631,0.267484
11,1,1.983048,0.284277,0.683369
11,-1,0.774662,0.874476,0.221627
11,-1,1.224547,0.896683,0.999526
11,-1,1.174763,0.312531,0.203156
11,1,2.208007,0.400047,0.576115
11,1,0.916674,0.91344,0.508551
12,-1,3.300543,0.325839,0.003801
12,-1,6.050396,0,0.801154
12,1,2.084138,0.347429,0.493447
12,1,6.74215,0.783527,0.216467
12,1,11.368647,0.905786,0.089192
12,-1,3.458282,0.583955,0.687667
12,-1,2.317053,0.695396,0
12,1,3.274904,0.79151,0.328134
12,1,2.366407,0.893017,0.417706
12,-1,0.949636,0.487578,0.404537
12,1,14.726933,1,0
12,1,2.141348,0.197283,0.57921
12,-1,1.000597,0.511696,0.302023
12,1,3.258263,0.903814,0.695183
12,1,1.849646,0.887385,0.735971
12,-1,2.87485,0.724516,0.08827
12,-1,0.900522,0.830263,1
12,1,1.524604,0.033588,0.388881
12,1,2.891476,0.724778,0.625321
12,-1,1.991344,0.60451,0.878412
12,1,1.957987,0.773799,0.647112
12,-1,6.917234,0.716308,0.219039
12,1,6.850538,0.67534,0.277129
12,1,9.617677,0.774501,0.218441
12,-1,1.574791,0.501015,0.800607
12,1,2.12472,0.276366,0.566273
12,1,2.65811,0.596652,0.47226
12,-1,2.649806,0.086108,0.900431
12,-1,3.816672,0.415356,0.715062
12,1,1.449583,0.089503,0.424074
12,1,1.716883,0.782762,0.702556
12,-1,1.074672,0.095685,0.999264
12,-1,3.667754,0.696157,0.320811
12,-1,2.133013,0.405793,0.292183
12,1,3.291528,0.993706,0.410876
12,-1,4.200685,0.189525,0.91031
12,1,1.499741,0.966762,0.799279
12,-1,5.518076,0.619371,0.207702
12,-1,1.699814,0.60267,0.919188
12,1,1.417297,0.88666,0.491728
12,-1,1.507915,0.602449,0.88836
12,1,0.883468,0.978444,0.296782
12,1,0.691295,0.908005,0.313346
12,-1,1.300214,0.367608,0
12,-1,1.208118,0.86569,1
12,-1,1.299773,0.501621,0.597405
12,1,0.966449,1,0.503527
12,1,1.799648,0.286693,0.385958
12,-1,0.757966,0.584655,0.782625
12,-1,0.949655,0.467994,0.00661
12,-1,1.199497,0.5124,0.813314
12,1,2.174714,0.896782,0.709291
12,-1,3.108197,0.684191,0.172676
12,-1,1.150136,0.400683,0
12,-1,1.874653,0.41565,0.756602
12,1,1.349779,0.894155,0.817333
12,1,0.624599,1,0.860423
12,1,1.032811,0.780096,0.596028
12,-1,1.166875,0.258173,0.099708
12,1,4.850183,0.804856,0.189328
12,-1,1.016789,0.204673,0.900921
12,1,0.58296,1,0.383013
12,-1,3.925044,0.403519,0.605737
12,-1,1.024692,0.300196,0.997136
12,1,0.557923,0.988179,0.570112
12,1,1.01684,0.085472,0.196308
12,1,2.016349,0.993122,0.19689
12,-1,6.775529,0.398572,0.586255
12,-1,1.233064,0.416677,0.079449
12,-1,0.783442,0.224758,0
12,1,2.624744,0.89419,0.798656
12,-1,1.832977,0.29337,0.691164
12,1,1.157863,0.702747,0.507903
12,-1,1.366399,0.681657,0.809358
12,1,1.024698,0.121273,0.374892
12,-1,2.541441,0.294325,0.608103
12,1,1.183542,0.106499,0.513079
12,1,2.383688,0.120904,0.282782
12,-1,0.983494,0.610628,0
12,1,1.133043,0.081119,0.586547
12,-1,2.333738,0.393322,0.298547
12,1,0.891343,0.704963,0.513525
12,1,2.199694,0.109215,0.483683
12,-1,1.149702,0.307975,0.889651
12,1,2.374762,0,0.878619
12,-1,1.524464,0.271885,0.799193
12,1,0.974665,1,0.812822
12,1,0.457963,1,0.199792
12,-1,0.949684,0.379424,1
12,-1,1.558112,0.238127,0.998847
12,-1,0.900078,0.195454,0.003915
12,1,2.083032,0.19567,0.305789
12,-1,1.141399,0.479269,0.984832
12,1,2.483735,0.105211,0.609798
12,1,1.699607,0.12072,0.794859
12,1,2.467548,0.197768,0.385763
12,-1,3.033199,0.597392,0.224267
12,-1,2.966476,0.600077,0.70645
12,-1,1.133035,0.53069,0.000547
12,-1,1.933001,0.194859,0.874553
12,1,2.416436,0.100262,0.829834
12,-1,0.867218,0.580954,0.993315
12,1,0.724671,0.801994,0.70051
12,1,0.750117,0.016997,0.229339
12,-1,3.774998,0.082238,0.929563
12,-1,0.941371,0.741916,1
12,1,3.066543,0.824055,0.376739
12,-1,4.616813,0.90213,0.319375
12,-1,0.783419,0.521976,0.775198
12,-1,1.866339,0.265983,0.194804
12,1,2.941507,0.00098,0.907369
12,1,1.20016,0.099647,0.295602
12,-1,2.266984,0.42961,0.707219
12,-1,0.7413,0.28312,1
12,-1,0.866337,0.473553,0.907226
12,1,0.849648,0.841286,0.415987
12,-1,0.599625,0.488788,0.388191
12,1,3.191588,0.118936,0.691247
12,-1,1.300228,0.471042,0.293773
12,-1,0.650078,0.101825,0
12,-1,2.291387,1,0
12,1,1.166391,0.590267,0.49049
12,1,2.391262,0.225938,0.399387
12,1,0.941388,0.203657,0.329512
12,-1,0.941288,0.48883,0.007067
12,-1,1.108069,0.534314,0.66665
12,1,2.091415,0.275489,0.7945
12,-1,4.984607,0.989803,0.00621
12,-1,2.83319,0.783849,0.085353
12,-1,1.391439,0.092669,1
12,-1,0.941338,0.61852,0.97063
12,1,1.116841,0.097954,0.181074
12,1,0.866368,0.974139,0.50598
12,1,2.549781,0.18317,0.720225
12,1,1.067314,0.207402,0.427155
12,1,0.616707,0.012295,0.881502
12,-1,1.03304,0.605034,0.000403
12,-1,0.5672,0.510852,0.124611
12,1,0.683015,0.963799,0.912947
12,1,0.607956,0,0.797963
12,-1,0.516257,0.518338,0.200535
12,1,3.033788,0.740659,0.364696
12,1,0.858003,0.0179,0.700945
12,-1,0.716307,0.518739,0.905797
12,-1,0.707982,0.698003,0.996414
12,-1,0.566257,0.427674,0.931819
12,1,1.350217,0.120258,0.193368
12,1,1.566925,0.098642,0.586418
12,1,1.824661,0.896117,0.389766
12,-1,1.091341,0.799943,0
12,1,3.008198,0.093737,0.688267
12,1,0.916843,0,0.302605
12,-1,1.283551,0.082853,0.008303
12,1,0.766325,0.21128,0.488629
12,1,0.599629,0.999124,0.706646
12,1,0.583192,0.936045,0.778187
12,-1,0.566189,0.631048,0
12,-1,0.533407,0.092325,0.001784
12,-1,0.841355,0.545774,0.209016
12,1,0.566788,0,0.719016
12,1,2.391423,0.388374,0.470497
12,1,0.700586,1,0.103751
12,-1,3.624987,0.637376,0.400194
12,1,1.941318,0.275065,0.593356
12,1,0.700103,0,0.311406
13,1,0.641299,0.682928,1
13,1,0.550057,0.024645,0.611079
13,-1,0.466753,0.907101,0.28612
13,-1,1.0497,0.909734,0.986949
13,1,0.482943,0.366259,1
13,-1,0.966329,0.98379,0.391448
13,1,0.474586,0.100643,0.971586
13,-1,0.466742,0.686783,0
13,1,0.532931,0.185724,0.975073
13,1,0.582937,0.17153,0.876944
13,-1,0.966364,0.981481,0.698833
13,-1,1.34123,0.954451,0.721839
13,-1,1.399776,0.506411,0.388363
13,-1,0.724643,0.980602,0.089785
13,1,0.466656,0.232802,0.78295
13,-1,0.582947,1,0.569232
13,-1,1.174682,0.406312,0.296204
13,-1,0.716775,0.486162,0.899989
13,1,1.150202,0.018959,0.109363
13,-1,0.75795,0.637366,0.117216
13,-1,0.482969,0.574925,0.279016
13,1,1.599575,0.203706,0.77807
13,-1,0.766743,0.20642,0.057899
13,-1,0.366697,0.886707,0.291474
13,-1,1.016753,0.616926,0.461695
13,-1,0.341193,0.992576,0.381171
13,-1,0.55793,0.588282,0.483758
13,-1,0.42453,0.499191,0
13,1,0.6413,0.194905,0.387659
13,-1,0.44127,0.382053,0.007034
13,-1,0.507954,0.999202,0.498811
13,-1,1.000148,0.308213,0.137993
13,-1,1.116163,0.960021,0.773687
13,-1,0.883906,0.414412,0.198937
13,-1,0.733446,0.627135,0.316077
13,1,0.607924,0.105344,0.791568
13,1,0.516266,0.203321,0.708799
13,-1,0.532875,1,0.783962
13,1,0.400075,0.119193,0.510139
13,1,0.441281,0.200718,0.763235
13,1,0.45793,0,0.890058
13,1,0.832977,0.407645,0.68127
13,-1,0.54128,0.405271,0.164548
13,-1,0.516279,0.44544,0.303835
13,1,0.64129,0.394762,0.912482
13,1,0.407927,0.066418,0.883642
13,-1,0.47463,0.710246,0.211764
13,1,0.549623,0.212834,0.321237
13,-1,0.3996,0.687232,0.0886
13,-1,0.457887,0.804765,0.404985
13,-1,0.48293,0.581733,0.107002
13,1,1.166817,0.215961,0.294848
13,-1,0.507936,0.6881,0.087696
13,1,0.432949,0.192679,0.958294
13,-1,0.38272,0.655774,0
13,1,0.42452,0.196585,0.720092
13,-1,0.382867,0.81157,0
13,1,0.382904,0.481084,0.615275
13,-1,1.666435,0.962368,0.884523
13,-1,0.48294,1,0.322029
13,-1,0.682937,0.691722,0.282683
13,1,0.474599,0.097568,0.398419
13,1,0.432956,0.080358,0.528807
13,1,0.883431,0.102298,0.186573
13,1,0.400029,0,0.797398
13,-1,0.74128,1,0.631671
13,1,0.47459,0,0.58867
13,-1,0.450028,1,0.516465
13,1,0.466786,0.003511,0.175461
13,1,0.607988,0.14918,0.409877
13,-1,0.691309,1,0.940547
13,-1,0.500071,0.890999,0
13,1,1.024682,0.089244,0.528388
13,-1,0.883007,0.582024,0.68043
13,-1,0.566764,0.213655,0
13,-1,0.582947,0.989166,0.284269
13,1,0.432942,0,0.678314
13,1,1.232921,0.472597,0.799318
13,-1,0.88299,0.610038,0.816012
13,-1,0.899655,0.693439,0.499738
13,1,1.01682,0.005763,0.079729
13,1,0.682944,0.003982,0.435024
13,-1,0.566717,0.287289,0
13,1,1.183058,0.52458,0.767578
13,1,0.766302,0.188251,0.303025
13,-1,0.958016,0.812194,0.683124
13,-1,0.516264,0.881045,0.526668
13,-1,0.899655,0.598246,0.710378
13,-1,0.782999,0.901765,0.721888
13,-1,0.700118,0.26101,0.112145
13,1,0.457958,0.060536,0.906243
13,-1,0.774649,0.725694,0.579831
13,-1,0.532941,0.791936,0.100988
13,1,0.599616,0.205505,0.590602
13,-1,0.474614,0.759846,0.277351
13,1,1.199653,0.519319,0.884637
13,1,1.40003,0.494869,0.70353
13,-1,1.199732,0.716232,0.800442
13,1,0.449565,0,0.528751
13,-1,1.141368,0.882208,0.695151
13,1,0.40773,0,0.999111
13,-1,0.732743,0.463636,0.397639
13,-1,0.450078,0.900192,0.193546
13,-1,0.924686,0.426686,0.915039
13,-1,0.607951,0.306731,0.086594
13,1,2.241371,0.470531,0.400453
13,1,0.857939,0.305917,0.489913
13,1,0.94135,0.522312,0.658047
13,-1,0.466296,0.613509,0.391404
13,-1,0.599621,0.624236,0.107073
13,1,0.516739,0.095795,0.686091
13,1,0.416257,0.28135,0.881485
13,1,1.241392,0.379341,0.692255
13,1,0.49128,0.29104,0.8277
13,-1,0.607959,0.919237,0.615011
13,-1,0.407752,0.565455,0.235968
13,1,0.541273,0.523946,1
13,-1,0.516779,0.281041,0.006569
13,-1,0.566766,0.284153,0
13,-1,0.457933,0.479469,0.185315
13,-1,0.507888,1,0.58986
13,1,0.874689,0.567868,0.906866
13,-1,1.149713,0.41262,0.876309
13,1,0.791137,0.609365,0.904428
13,-1,0.491268,0.995001,0
13,-1,1.124728,0.603309,0.403449
13,1,0.666222,0.319886,0.717982
13,1,0.457923,0.091986,1
13,1,0.724656,0.013805,0.357171
13,-1,0.583404,0.809814,0.375668
13,1,1.116352,0.297889,0.604618
13,1,1.324746,0.608726,0.811645
13,-1,0.633486,0.945882,0
13,1,0.482934,0.20387,0.997292
13,1,1.36639,0,0.508585
13,1,1.399723,0.198382,0.488582
13,-1,0.391239,0.692639,0.319101
13,1,0.632928,0.312777,0.783764
13,1,0.424584,0,0.995003
13,-1,1.150155,0.109693,0.195629
13,-1,0.541327,0.45758,0.274169
13,1,1.399759,0.874215,0.811061
13,1,0.374585,0.114103,0.814338
13,-1,0.550088,0.164711,0.014782
13,1,0.382928,0,0.792983
13,1,1.108042,0.389013,0.712445
13,-1,1.275205,0.866647,0.810299
13,-1,0.574634,0.589329,0.417593
13,-1,0.399606,0.882657,0.108113
13,-1,0.999696,0.975822,0.793879
13,-1,0.941779,0.835132,0.615869
13,1,0.783456,0.039732,0.097349
13,1,0.633437,0.218826,0.505614
13,1,0.666311,0,0.628677
13,-1,0.700135,0.67795,0.780037
13,-1,0.641304,0.489762,0.784364
13,1,0.482922,0.363465,0.838374
13,-1,1.066324,0.897506,0.689459
13,1,0.550544,0.11153,0.404108
13,-1,0.507928,0.891408,0.180587
13,1,0.657949,0.813641,0.89531
13,-1,0.391199,1,0.334265
13,1,0.958033,0.269412,0.505597
13,-1,0.407924,0.619611,0.200474
13,-1,0.599566,0.402917,0.316395
14,1,1.083545,0,0.584806
14,-1,1.000183,0.114415,0.00013
14,1,1.066251,1,0.906526
14,-1,0.766312,0.502255,0.09358
14,1,1.266875,0.296351,0.5804
14,-1,0.907991,0.586083,0.35861
14,-1,0.791346,0.487467,1
14,1,0.924654,1,0.77365
14,1,2.091398,0.123561,0.910747
14,1,3.091559,0.963119,0.087899
14,1,1.233527,0.19504,0.380128
14,1,1.474567,0.07427,0.808538
14,1,1.216422,1,0.704326
14,1,1.133073,0.026713,0.778574
14,-1,2.108042,0.405164,0.90016
14,1,2.199717,0.311754,0.367032
14,-1,1.224771,0.62228,0.998396
14,-1,1.383072,0.706128,0.787426
14,-1,0.650153,0.773707,0
14,-1,3.183249,0.208584,0.974196
14,1,0.884007,0.084273,0.191571
14,1,1.866338,0.399474,0.583665
14,1,0.991371,1,0.503767
14,-1,1.008044,0.497109,0.184417
14,-1,1.407915,0.707787,0.187949
14,1,3.441647,0.879782,0.219978
14,-1,0.858024,0.516547,0.805316
14,-1,0.824681,0.689152,0.081248
14,1,0.650109,0,0.187352
14,-1,0.63297,0.640701,0.999471
14,1,1.016379,0.78033,0.527262
14,-1,2.99159,0.58284,0.944716
14,-1,0.966325,0.455597,0.281569
14,-1,1.700131,0.511727,0.860321
14,-1,1.132888,0.41935,0.172748
14,-1,1.549585,0.483452,0.604953
14,-1,2.549798,0.582327,0.699486
14,1,1.866335,0.161228,0.385273
14,-1,1.608141,0.392656,0.906101
14,1,1.033966,0.186848,0.611179
14,-1,1.124531,0.807093,0.997002
14,-1,1.033026,0.614798,0.206444
14,-1,1.266199,0.499445,0.87346
14,-1,1.200173,0.159726,0
14,-1,1.241257,0.531051,0.793093
14,1,0.883014,1,0.425453
14,-1,0.849693,0.704397,0.07809
14,1,2.008024,0.284096,0.717046
14,1,2.98323,1,0.323748
14,1,1.341695,1,0.907161
14,1,1.766318,0.876787,0.664915
14,1,1.724608,0.110983,0.613605
14,-1,2.058052,0.38953,0.289469
14,-1,0.916828,0.494204,0.107427
14,-1,1.167334,0.397572,0.134744
14,-1,1.307861,0.370996,0.304136
14,1,1.616487,0.104037,0.908544
14,-1,0.717482,0.519118,0.21293
14,1,1.474635,0.020145,0.72561
14,1,0.916362,0.26637,0.475739
14,1,1.224718,0.704355,0.595594
14,1,1.524618,0.194064,0.343576
14,1,1.732961,0.07351,0.601956
14,-1,2.141396,0.582392,0.429158
14,-1,1.324772,0.571666,0.963985
14,1,1.707997,1,0.195921
14,1,1.649634,0.883827,0.734179
14,-1,1.357925,0.394156,1
14,-1,1.216884,0.275085,0.015249
14,-1,3.024921,0.382787,0.765841
14,-1,0.850238,0.272859,0.081222
14,-1,2.033662,0.993676,0.006419
14,1,1.083045,0.37483,0.494659
14,1,1.033053,0.686787,0.511918
14,1,1.366876,0.170649,0.530242
14,-1,0.841346,0.452894,0
14,1,1.257904,0.776691,0.638575
14,1,0.941349,0.204816,0.285886
14,1,1.074656,1,0.806352
14,-1,5.100313,0.67249,0.42499
14,-1,2.983229,0.329952,0.80315
14,1,1.407931,0.163887,0.777483
14,-1,1.69965,0.603501,0.11654
14,-1,1.51628,0.888903,0.172454
14,1,2.033641,0.035974,0.114454
14,1,0.966785,0,0.31331
14,1,1.899656,0.011629,0.724052
14,1,1.749655,0.831045,0.723417
14,1,0.916819,0.010434,0.385094
14,-1,1.216903,0.235848,0.078289
14,1,0.866847,0.066894,0.319946
14,-1,1.266191,0.514345,0.58682
14,1,2.141406,0.19794,0.695828
14,1,1.108022,0.285555,0.48506
14,1,1.524553,0.879977,0.687038
14,1,1.449617,0.886825,0.312293
14,-1,1.607969,0.414234,0.983191
14,-1,1.491413,0.700551,0.210777
14,-1,0.900627,0.499342,0.404927
14,-1,0.766287,0.5277,0.970041
14,1,1.058055,0.292751,0.560898
14,-1,0.974695,0.809256,0.008473
14,1,0.71632,0,0.526892
14,1,0.991349,0.105695,0.292508
14,1,1.449799,0.308806,0.715014
14,-1,0.899659,0.624227,0.202621
14,-1,1.074713,0.829432,0.197206
14,1,2.267061,0.689549,0.415126
14,1,1.158088,0.789062,0.699159
14,1,0.883005,1,0.261214
14,-1,1.624636,0.39353,0.783384
14,1,0.700074,1,0.724327
14,1,1.332905,0.996683,0.272467
14,-1,1.732978,0.772919,0.098926
14,-1,1.024721,0.506642,0.584222
14,1,2.282834,0.863501,0.274573
14,-1,1.66688,0.437208,0.702247
14,-1,0.924691,0.51064,0.728264
14,-1,2.341431,0.619018,0.822532
14,-1,1.374811,0.38304,0.913148
14,1,1.566275,0.911739,0.1916
14,-1,0.674498,0.507187,0.090877
14,-1,2.383672,0.891329,0.099913
14,1,0.933504,0,0.2272
14,-1,1.141426,0.39355,0.000937
14,1,1.491438,0.929701,0.805619
14,-1,2.00804,0.097893,0.977062
14,-1,0.899678,1,0
14,1,1.083008,0.280129,0.58852
14,1,0.73399,0.004907,0.616595
14,-1,1.416459,0.487798,0.708796
14,1,1.249552,0.911918,0.517371
14,-1,0.916358,1,0.128245
14,-1,1.34974,0.896168,0
14,1,1.332925,0.703693,0.592931
14,1,0.732943,0.383027,0.49881
14,1,0.850131,0.087021,0.375019
14,-1,1.699651,0.373516,0.81156
14,-1,1.657904,0.608231,0
14,-1,0.71676,0.431464,0.094208
14,-1,1.083019,0.819769,0.20546
14,-1,1.700096,0.820526,0.916285
14,1,1.533107,0.892726,0.296403
14,1,2.083073,0.288362,0.722026
14,-1,0.983041,0.862375,0.024828
14,1,0.899677,0.035307,0.536138
14,1,1.16621,0.898824,0.570172
14,-1,1.041391,0.923278,0.019203
14,-1,0.966303,0.906458,1
14,1,0.607955,0,0.957028
14,1,1.000147,0.021386,0.320237
14,1,0.966282,0.926307,0.593663
14,1,1.274726,0.20291,0.289083
14,-1,0.916833,0.078645,0
14,-1,1.041221,0.67519,1
14,-1,0.916837,0.2,0.070647
14,-1,0.883462,0.194234,0.996015
14,-1,0.95802,0.77102,0.91354
14,-1,1.750271,0.319585,0.800215
14,1,1.608158,0.812584,0.295508
14,-1,0.607962,0.40689,0
14,-1,1.549605,0.607901,0.809365
14,-1,0.532954,0.7083,0.00041
14,1,0.899651,0.119472,0.796276
14,-1,0.532921,0.697216,0.099138
15,-1,1.633627,0.511848,0.010146
15,-1,1.750309,0.39583,0.187077
15,-1,1.299547,0.638318,0.870679
15,1,1.099734,0.1839,0.31692
15,1,2.008014,0.505399,1
15,-1,2.73359,0.897063,0.504979
15,-1,1.667432,0.696436,0.47443
15,-1,0.916391,0.698019,0.080357
15,1,1.107886,0.115361,0.444814
15,1,0.916382,0.190676,0.408217
15,1,2.016347,0.425089,0.729113
15,1,0.683457,0.01805,0.68867
15,1,0.649615,0.011986,0.698764
15,-1,1.133028,0.665159,0.188786
15,1,0.949725,0.138742,0.718627
15,1,1.841324,0.38683,0.98937
15,-1,1.091672,0.492668,0.334138
15,1,1.882863,0.325042,0.597035
15,-1,1.083578,0.106022,0.012371
15,1,1.607976,0.294122,0.910457
15,-1,1.733565,0.895179,0.228454
15,1,1.207964,0.370547,0.574099
15,1,0.916173,0.974553,0.796589
15,1,3.108295,0.893123,0.799493
15,-1,1.000594,0.997684,0.073206
15,1,1.291361,0.381912,0.677939
15,-1,1.65814,0.787526,0.881354
15,1,1.350061,0.970732,0.719113
15,1,1.633607,0.185285,0.514039
15,-1,1.466252,0.60124,0.312597
15,-1,1.266843,1,0.102784
15,-1,1.432945,0.709477,1
15,-1,1.499784,0.722939,0.797756
15,-1,2.400384,0.776152,0.091544
15,1,1.266899,0.20606,0.593692
15,-1,3.224941,0.493899,0.894661
15,-1,0.782972,0.767008,0.619784
15,-1,0.899672,0.869175,0.320438
15,-1,0.699604,0.512605,0.145879
15,1,0.883483,0,0.123747
15,1,0.63339,0.233673,0.882617
15,-1,0.766863,0.17811,0.021139
15,-1,0.632896,0.493035,0.177634
15,-1,0.716779,0.421224,0.034646
15,1,0.850197,0.265435,0.519841
15,-1,2.133054,0.899431,1
15,1,0.900162,0.007821,0.274886
15,1,1.416451,0.218117,0.998796
15,-1,1.933033,0.788165,0.4061
15,1,0.582995,0.200742,0.695202
15,-1,0.566297,0.359635,0.118686
15,-1,0.632981,0.778819,0.306446
15,1,0.532949,0.199421,0.880231
15,1,1.349559,0.999814,0.406969
15,1,0.541282,0.009963,0.99417
15,1,1.366447,0.511662,0.981717
15,-1,1.200211,1,0.196457
15,-1,1.041202,0.802563,1
15,1,0.982836,0.010934,0.994849
15,-1,1.566291,0.284628,0.219708
15,-1,0.949718,0.913153,0.12561
15,-1,0.899689,0.703591,0.268418
15,1,0.841349,0,0.589465
15,1,0.757993,0,0.79589
15,-1,1.058051,0.924442,0.984915
15,-1,1.307859,0.864822,0.989885
15,-1,0.766761,0.838749,0.018404
15,-1,1.916331,1,0.317288
15,-1,0.79132,0.883272,0.010845
15,-1,2.016383,0.529021,0.835818
15,1,0.749674,0.186291,0.842199
15,-1,0.532982,0.805696,0
15,-1,1.458097,0.69461,0.95746
15,-1,0.700141,0.387385,0
15,-1,1.016354,0.608681,0.491795
15,1,0.683242,0.087257,0.292703
15,1,1.158074,0.792487,0.892589
15,-1,0.55797,0.583464,0.022683
15,1,0.716301,0.303416,0.908616
15,-1,1.391239,0.895595,0
15,-1,0.441267,0.597934,0.094457
15,-1,0.466289,0.628581,0.179911
15,1,0.733464,0.108427,0.453167
15,1,0.832978,0.380894,0.784923
15,1,0.991383,0.363508,0.488804
15,1,0.541254,0.269329,0.697092
15,-1,2.116402,0.99274,0.433053
15,-1,1.058067,0.573313,0.454915
15,-1,0.450077,0.857432,0.09607
15,1,0.650056,0,0.267541
15,-1,0.816351,0.3733,0.256193
15,-1,0.449559,0.896423,0
15,1,0.849656,0.689785,0.809692
15,-1,0.483409,0.187093,0
15,1,0.591264,0.884389,0.711465
15,-1,0.516741,0.492046,0
15,1,1.399585,0.521287,0.605414
15,-1,0.533442,0.238668,0.102459
15,-1,0.957944,0.483096,0.404287
15,1,0.566302,0.214033,0.817102
15,1,0.599573,0.073775,0.889698
15,1,0.999688,0.373869,0.607553
15,1,0.767244,0.300871,0.522498
15,1,0.432905,0.283491,0.787367
15,-1,0.54125,0.695411,0.297029
15,1,0.574447,0.521567,0.71613
15,-1,0.616334,0.37129,0.232548
15,1,0.449569,0.192541,0.979742
15,-1,0.424582,0.887007,0.392293
15,-1,0.616756,0.619768,0.104972
15,-1,0.79966,1,0.302583
15,-1,0.524583,0.489698,0.109384
15,-1,0.65797,0.40903,0.300241
15,1,0.700139,0.079963,0.28381
15,-1,0.616312,1,0
15,1,0.616743,0,0.139043
15,1,0.916363,0.33717,0.794615
15,1,0.98305,0.32317,0.968373
15,1,1.391247,0.865918,0.543474
15,-1,1.232902,0.700142,0.58328
15,-1,0.782947,0.60849,0.333335
15,-1,0.774653,0.808716,0.196951
15,1,0.549624,0.699283,0.915039
15,-1,0.79968,0.709765,0.925908
15,1,1.008047,0.785967,0.486911
15,1,1.558136,0.74564,0.582551
15,1,0.817324,0.09135,0.186639
15,1,1.241418,0.510173,0.701221
15,1,1.274559,1,0.781397
15,1,0.874478,0.841306,0.723766
15,1,1.233112,1,0.638473
15,1,0.617228,0.002686,0.202413
15,1,0.566304,0.130713,0.433234
15,-1,1.258065,0.480729,0.416008
15,1,0.682977,0.617444,0.675109
15,1,0.524618,0.017686,0.680664
15,1,0.774674,0.39413,0.807846
15,1,1.582943,0.790114,0.59536
15,1,1.27472,0.211954,0.264286
15,1,1.68294,0.498096,1
15,1,0.61631,0.204058,0.588629
15,-1,0.816772,0.698619,0.080672
15,-1,0.466719,0.286038,0.008644
15,1,0.566806,0.108168,0.971199
15,-1,0.650057,0.203858,0.092582
15,-1,1.058021,0.922652,0.397411
15,-1,0.599628,0.584096,0.386652
15,1,0.616318,0.113828,0.82659
15,1,0.749625,0.409399,0.717126
15,1,0.908052,0.098988,0.322914
15,1,0.574632,0.197101,0.478169
15,1,0.557961,0.129311,0.579605
15,1,0.491245,0.037001,0.494846
15,-1,1.624649,0.618074,0.891544
15,-1,0.632947,0.941287,0.613429
15,1,0.491291,0.057303,0.789835
15,1,0.849719,0.814495,0.534642
15,1,1.166389,0.786434,0.62319
15,1,0.682977,0.981463,0.601889
15,-1,0.51625,0.712848,0.192717
15,-1,0.450077,0.569434,0
15,1,0.399602,0.386501,0.867851
15,-1,0.274498,0.397222,0.00356
15,1,0.332659,0.975769,0.618802
15,-1,0.357935,0.392293,0.293848
16,1,6.650504,0.887302,0.78909
16,-1,4.550116,0.293242,0.094866
16,-1,1.241345,0.600265,0.10011
16,-1,0.916806,0.410863,0
16,1,2.074696,0.507457,0.703446
16,-1,0.667168,0.710046,0.166897
16,1,0.741351,0,0.617732
16,1,1.591239,0.406733,0.616812
16,-1,0.499608,0.922897,0.100914
16,-1,1.133541,0.333729,0
16,1,1.916557,0.409481,0.687753
16,1,0.691315,0,0.929629
16,-1,0.491274,0.497902,0.416928
16,-1,1.016759,0.693806,0.391557
16,1,1.774631,0.91098,1
16,-1,0.457939,0.954856,0.403134
16,-1,0.641278,0.730464,0.361828
16,-1,0.499619,0.893719,0.030923
16,-1,2.200318,0.77813,0.703414
16,1,0.599591,0.288594,0.905736
16,1,0.433396,0.211287,0.376187
16,1,1.099712,0.248158,0.379899
16,-1,0.432949,0.963413,0.295441
16,-1,1.566859,0.511056,0.396791
16,1,0.449571,0.572157,1
16,1,1.583601,0.120365,0.189693
16,1,0.541263,0.324384,0.392542
16,-1,0.482957,0.596623,0.331691
16,-1,1.70794,0.616891,0.455899
16,-1,1.09972,0.951699,0.496177
16,-1,0.433417,1,0
16,-1,0.433387,0.813718,0.295234
16,-1,1.69965,0.974411,0.711029
16,-1,0.866347,0.404277,0.208862
16,1,0.550088,0.207918,0.315246
16,-1,0.441145,0.715638,0.025817
16,1,1.424572,0.614249,0.976462
16,1,1.616477,0.745682,0.892993
16,1,1.666764,0.388782,0.922826
16,-1,0.582931,1,0.389573
16,1,1.249467,0.810774,0.915241
16,-1,1.441406,0.279586,0.219934
16,-1,0.63312,0.932748,0.322009
16,-1,0.582934,0.793211,0.392135
16,1,1.533098,0.698852,1
16,1,0.583464,0.08058,0.314079
16,1,1.441439,0.513913,0.912422
16,1,0.466066,0.791946,0.698361
16,-1,0.491256,0.994223,0.283791
16,-1,0.97466,0.64364,0.181842
16,1,1.450231,0.127912,0.186188
16,1,1.266896,0.016899,0.208139
16,1,0.441257,0.493167,0.615564
16,1,0.457934,0.150238,0.601781
16,-1,1.108021,0.796528,0.539611
16,1,0.882898,0.20774,0.657204
16,1,0.599652,0.276291,0.996215
16,-1,0.8501,0.245176,0.078224
16,-1,0.566266,0.872625,0.292171
16,-1,0.799638,0.364994,0.286288
16,-1,0.532979,0.769733,0.095896
16,-1,0.366248,0.736004,0
16,-1,0.841311,0.876345,0.500626
16,-1,0.383333,0.917833,0.184447
16,1,0.924474,0.802281,1
16,1,0.674593,0,0.887845
16,1,0.474605,0.254099,0.59413
16,-1,0.48291,0.998049,0.243397
16,-1,1.29956,0.721323,0.605691
16,1,0.391207,0.024474,0.597367
16,1,0.483402,0.123083,0.58483
16,-1,0.374594,1,0.182197
16,-1,0.482941,0.764277,0.301151
16,1,1.416458,0.415234,0.599672
16,1,2.300856,0.013961,0.443691
16,1,0.349527,0.47994,1
16,1,0.350035,0.034056,0.315417
16,-1,1.191402,0.930648,0.609447
16,1,0.407899,0.102492,0.518749
16,1,0.883003,0.573491,0.527416
16,1,1.283543,0.419103,0.882515
16,1,0.507952,0.19159,0.724578
16,1,0.574596,0.282344,0.388444
16,1,0.349566,0.798058,0.999567
16,-1,0.541281,0.491539,0.066323
16,-1,1.41689,0.128396,0.006692
16,1,0.424539,0.493368,0.778863
16,-1,0.541261,0.495073,0.021625
16,-1,0.841336,0.301687,0.181813
16,1,0.416803,0,0.79531
16,-1,1.141177,0.685106,0.502566
16,-1,0.433306,0.501596,0.117725
16,1,0.816318,0.500041,0.825952
16,1,0.566746,0.385939,0.782547
16,1,0.549607,0.690018,0.636164
16,1,0.332837,0.307628,0.701834
16,1,1.207885,0.629921,0.883579
16,1,0.566256,0.017278,0.486338
16,-1,0.583466,0.098022,0
16,-1,0.474639,0.819474,0.088776
16,1,0.291209,0.026283,0.777498
16,1,0.350046,0.187629,0.905417
16,-1,0.457945,0.394736,0.092954
16,1,0.374591,0.31968,0.119826
16,1,0.374658,0.07393,1
16,-1,0.791319,0.707806,0.492092
16,-1,0.3329,1,0.087612
16,1,0.466228,0.303051,0.481108
16,1,2.391406,0.113868,0.873944
16,1,0.466243,0.124284,0.727567
16,1,0.516272,0.599699,0.81313
16,-1,1.349562,0.960627,0.888377
16,-1,0.417236,0.299568,0
16,1,0.282936,0.002854,1
16,1,0.316249,0.148316,0.76951
16,-1,0.799668,0.975161,0.699614
16,1,0.582922,0.406483,0.980596
16,1,0.607796,0.032108,0.601736
16,1,0.366693,0.288199,0.784396
16,1,0.499968,0.321406,0.599361
16,1,0.749644,0.614123,0.79225
16,1,0.307878,0.131051,0.894801
16,-1,0.966794,0.479605,0.395287
16,1,0.391046,0.105294,0.993646
16,1,0.82465,0.515123,0.899034
16,-1,0.507962,0.489655,0.296235
16,1,0.350061,0.470145,0.304962
16,1,0.39956,0,0.683078
16,-1,0.399945,0.59105,0.110218
16,-1,0.399564,0.825372,0.210242
16,1,0.324552,0,0.768783
16,-1,0.449599,0.899337,0.805603
16,1,0.482948,0.087303,0.693829
16,-1,0.499582,0.504302,0.185056
16,1,0.666309,0.272283,0.692126
16,-1,0.382888,0.790431,0.188075
16,-1,0.391265,1,0.227219
16,-1,0.350071,0.394426,0.09069
16,1,0.49935,0.721399,0.803841
16,-1,0.366178,0.526424,0.178716
16,-1,0.449938,0.083196,0.018209
16,1,0.557925,0.580209,0.797084
16,1,0.274782,0.59315,0.891238
16,-1,0.474555,0.491704,0.188204
16,1,0.374549,0.170265,0.617742
16,1,0.324536,0.684374,0.914881
16,1,1.716305,0.692258,0.892014
16,1,0.69132,0.40529,0.81589
16,-1,0.982985,0.807828,0.992033
16,-1,0.566754,0.189574,0.006473
16,1,0.733409,0.925624,1
16,-1,0.574626,0.376845,0
16,-1,0.441231,0.509124,0.026009
16,1,0.516836,0.107616,0.380278
16,1,0.46627,0.115688,0.691979
16,1,1.016321,0.498445,1
16,-1,0.366171,1,0
16,-1,0.350107,0.203587,0.01037
16,-1,0.466266,1,0.566047
16,-1,0.566285,0.595456,0.418983
16,1,0.632978,0.262446,0.699759
16,1,0.382922,0.40814,0.909264
16,-1,0.399592,0.814653,0.210252
16,1,0.299547,0.666736,0.600957
16,1,0.299543,0.167738,0.930943
