nObserver,ch,RT,splitL,splitR
1,1,1.042456,0.07186,0.763487
1,-1,1.391429,0.713874,0.987937
1,-1,1.034162,0.693841,0.411484
1,1,0.987575,0.114639,0.681937
1,1,1.111895,0.906712,0.428185
1,-1,0.620427,0.529971,0.107901
1,1,0.920359,0.279797,0.410225
1,-1,0.831481,0.820264,0
1,1,1.038928,0.38495,0.581093
1,-1,0.872758,0.29631,1
1,1,0.939437,0.800005,0.507719
1,1,1.617156,0.093847,0.932436
1,1,0.840265,0.625208,0.481424
1,1,1.239833,0.024384,0.879732
1,-1,1.123995,0.102625,0.01685
1,1,1.10146,0.212987,0.30972
1,-1,1.390371,0.725876,0.805972
1,1,0.752699,0,0.515848
1,1,0.75547,1,0.610928
1,-1,0.675804,0.98176,0.00847
1,1,0.752806,0.084594,0.589119
1,-1,0.577886,0.662993,0.00372
1,-1,0.671413,0.508511,0.91179
1,-1,0.517284,0.513523,0.378734
1,1,0.891306,0.885617,0.790096
1,-1,1.019746,0.126043,0.986411
1,1,0.756549,0.695101,0.580067
1,-1,1.373184,0.688596,0.308012
1,-1,0.730811,0.364524,0.20934
1,1,0.908606,0.99554,0.201304
1,1,0.67008,0.684615,0.487484
1,1,0.721966,0.220206,0.50988
1,1,0.668448,0.100797,0.387567
1,1,0.601478,0.289251,0.528262
1,1,1.109904,0.879693,0.238178
1,1,0.646366,0,0.408612
1,-1,0.679723,0.301905,0.084904
1,1,0.608228,0,0.619952
1,1,0.923849,0.980844,0.806994
1,1,0.635934,0.013205,0.18783
1,-1,0.595756,0.221662,0.063314
1,1,0.798271,0.988685,0.894059
1,1,0.59087,0.008057,0.307401
1,1,1.021927,0.886408,0.712009
1,-1,0.617548,0.61069,0.311811
1,1,0.564617,0.202383,0.630976
1,1,0.657605,0.788038,0.593918
1,-1,0.693053,0.780947,0.209985
1,1,0.516177,1,0.532594
1,1,2.335606,0.80439,0.313977
1,1,1.517744,0.182424,0.718388
1,-1,0.732272,0.357244,0.829558
1,-1,0.578654,0.38836,0.990957
1,1,0.805138,0.907349,0.62506
1,1,0.990744,0.886353,0.277418
2,1,1.60863,1,0.889561
2,-1,1.656352,0.305272,0.198899
2,1,2.727687,0,0.732559
2,-1,1.649396,0.576131,0.898036
2,-1,2.115761,0.606347,0.31644
2,1,1.361824,0.009443,0.812972
2,-1,1.721706,0.531846,0.364198
2,-1,0.885884,0.142449,0
2,-1,1.17688,0.68306,0.988915
2,-1,1.594181,0.296797,0.98287
2,-1,1.299532,0.748012,0.839244
2,1,1.223585,0.109914,0.630022
2,-1,0.79765,0.603147,0.381251
2,1,0.82686,1,0.43005
2,-1,0.82519,0.445497,0.095584
2,1,0.76132,0.036977,0.231552
2,-1,1.309289,0.601351,0.964736
2,-1,1.13758,0.533068,0.613618
2,-1,0.588287,0.487605,0
2,-1,0.849617,0.484016,0.209185
2,1,0.768958,0.092496,0.761721
2,-1,0.914236,0.496079,1
2,1,4.336095,0.800366,0.275908
2,1,1.278581,0.937945,0.804835
2,-1,1.809987,0.702599,0.199723
2,-1,0.83321,0.526655,0.078998
2,1,0.983647,0,0.596841
2,-1,0.970563,0.380482,0.274726
2,1,1.046754,0.921837,0.496879
2,-1,0.759864,0.425708,0.714862
2,-1,0.925985,0.293576,0.004031
2,-1,0.710265,0.501112,0.289151
2,1,0.961161,0.013739,0.909685
2,1,1.982914,0.891726,0.410599
2,1,3.019785,1,0.10515
2,1,2.349773,0.197314,0.808748
2,1,1.624803,0.757115,0.407944
2,1,2.241175,0,1
2,-1,1.500747,0.876182,0.090261
2,-1,2.374882,0.198702,0.922279
2,1,1.046991,0.212098,0.599274
2,-1,0.705084,0.386963,0
2,-1,1.580944,0.598418,0.790168
2,-1,1.110209,0.688131,0.102344
2,1,3.532009,0.286142,0.719171
2,-1,0.776695,0.329039,0.132095
2,1,1.061678,0.91101,0.733692
2,-1,1.029647,0.500247,0.760583
2,-1,1.472729,0.301266,0.906326
2,1,1.058676,0.95161,0.794183
2,1,0.75929,0.166916,0.384213
2,-1,1.092882,0.169163,0.099872
2,-1,1.091542,0.498571,0.679481
2,1,0.972839,0.724625,0.589731
2,-1,1.461765,0.179262,1
3,1,3.830341,0.179896,0.645274
3,-1,2.549789,0.872146,1
3,-1,2.872776,0.605553,0.697476
3,1,5.652761,0.579758,0.002019
3,1,2.999615,0.594629,0.870076
3,1,2.213898,0.898516,0.715581
3,-1,2.327437,0.380899,0.011002
3,-1,1.783966,0.50184,0.308949
3,-1,1.966266,0.126665,0
3,1,0.968999,0,0.190402
3,1,1.751007,0.036375,0.733078
3,-1,2.046536,0.541624,0.057562
3,1,3.742455,0.009658,0.942142
3,1,1.765914,0.683056,0.084256
3,1,2.880598,0.781388,0.698638
3,-1,3.817518,0.964281,0.18353
3,1,2.852588,0.001196,0.79968
3,-1,0.944056,0.315431,0.966818
3,-1,1.144807,0.678814,1
3,-1,1.240369,0.377212,0.692347
3,-1,0.926754,0.301294,0.095546
3,1,0.956165,0.00801,0.308263
3,-1,0.606061,0.491573,0
3,1,3.497996,0.416771,0.477009
3,-1,1.113631,0.608878,1
3,-1,2.749399,0.327662,0.775787
3,-1,7.335312,0.497568,0.610757
3,-1,1.557779,0.39905,0.108058
3,-1,2.073664,0.49379,0.674174
3,1,0.776578,0.212404,0.714105
3,-1,0.788444,0.435831,0.29205
3,1,1.221158,0.116192,0.206351
3,-1,1.68438,0.393747,0.878217
3,1,1.079539,0.197651,0.419412
3,-1,1.319749,0.809946,0.092238
3,-1,2.394858,0.62009,0.070518
3,1,1.296898,0.827638,0.51467
3,1,3.31275,0.981076,0.037641
3,1,1.7538,1,0.404606
3,-1,1.550057,0.808608,0.365763
3,-1,0.815682,0.507869,0.898947
3,-1,1.175728,0.897828,0.296762
3,-1,1.409544,0.307582,0.214586
3,-1,0.870112,0.532321,0.999938
3,-1,0.745334,0.060896,0.991038
3,-1,2.141991,0.582747,0.297344
3,-1,1.629258,0.869396,0.210671
3,-1,1.986299,0.569021,0.759131
3,1,1.233968,0.805505,0.173328
3,-1,1.114045,0.892344,0.105267
3,-1,1.244209,0.754168,0.904273
3,-1,1.583748,0.395136,0.586785
3,-1,1.316743,0.284853,0.713052
3,-1,1.117891,0.814104,1
3,-1,2.211583,0.474499,0.219515
4,1,2.713617,0.303941,0.379164
4,1,2.231738,0.083778,0.895792
4,-1,1.335073,0.476334,0.403661
4,1,1.899429,1,0.587782
4,1,2.546936,0,0.391326
4,1,2.028282,0.393075,0.602427
4,-1,2.142288,0.695106,0
4,1,1.921055,0.208415,0.328453
4,-1,1.338575,0.405697,0.168289
4,-1,3.191239,0.685855,0.793412
4,-1,1.205497,0.678449,0.915214
4,-1,0.874935,0.630955,0.301081
4,1,1.180725,0.065989,0.209254
4,1,2.05215,0.597484,0.517077
4,-1,1.486165,0.700981,0.404238
4,1,1.886635,0.73763,0.592934
4,-1,1.258428,0.278517,1
4,-1,2.006651,0.805202,0
4,1,1.03667,0.023609,0.508341
4,1,1.711945,0.75408,0.37929
4,-1,2.025954,0.927817,1
4,1,2.207644,0.987528,0.376278
4,1,2.607768,0.990517,0.811086
4,-1,1.293966,0.577539,0.193867
4,1,1.355151,0.270514,0.528193
4,-1,1.690975,0.815492,0.899381
4,-1,1.928996,0.178621,0
4,-1,2.616674,0.450386,0.883843
4,-1,1.752688,0.998245,0
4,1,2.542736,0.097968,0.713534
4,-1,1.58902,0.498447,1
4,-1,1.787089,0.748025,0.979878
4,-1,2.648118,0.76296,0.259001
4,-1,2.109756,0.774032,0.089023
4,-1,0.844093,0.475556,0.210107
4,-1,1.566013,0.309523,0
4,-1,0.816895,0.310575,0.100314
4,-1,1.042536,0.109904,0
4,-1,1.095059,0.370164,0.909858
4,1,3.730165,0.207269,0.797546
4,-1,1.616979,0.384911,0.090846
4,-1,1.55706,0.914448,0.000204
4,1,3.026117,0.085957,0.991269
4,1,1.31671,0,0.637848
4,1,2.219178,0.227274,0.725439
4,1,2.238435,0.326026,0.902666
4,-1,1.651785,0.629951,0.08309
4,1,1.461798,0.203122,0.894055
4,-1,1.708678,0.998974,0.201198
4,1,1.719407,0.696375,0.464376
4,-1,1.381621,0.591269,0.808403
4,1,1.322696,0.923306,0.598457
4,1,1.247256,0.772605,0.512343
4,1,1.959954,0.28138,0.683036
4,-1,1.160029,0.521728,0.069039
5,1,2.789946,0.014771,0.605084
5,-1,1.538609,1,0.594415
5,-1,1.875194,0.428262,0.295248
5,1,1.597366,0,0.198022
5,-1,1.129883,0.178837,0.093065
5,1,1.614472,0.206797,0.807145
5,-1,2.705376,0.518836,0.977439
5,1,2.077672,0.022054,1
5,1,3.452505,0.787154,0.690447
5,-1,1.256829,0.9826,0.192383
5,1,2.098291,0.715764,1
5,-1,2.451073,0.588548,0.281448
5,1,3.172563,0.408055,0.525297
5,1,1.280139,0.090377,0.901491
5,1,1.98316,0.225162,0.615683
5,1,5.264463,0.803711,0.611352
5,1,1.290565,0,0.819112
5,1,1.233931,0,0.286653
5,1,2.542415,0.31368,0.77768
5,-1,2.197727,0.713741,0.115814
5,-1,0.936537,0.705,0.409735
5,-1,2.795113,0.494721,0.583723
5,-1,1.907985,0.991281,0.386698
5,-1,0.820037,0.987732,0.277211
5,-1,1.780237,0.589968,0.90841
5,-1,1.893172,0.904291,0.809023
5,1,1.844703,0.123999,0.485869
5,-1,1.279965,0.847225,0.391753
5,-1,1.094943,0.882451,0.431462
5,-1,0.74063,0.614792,0.413627
5,1,1.256557,0.060745,0.313008
5,1,0.776538,0.793125,0.990569
5,-1,0.85104,0.887959,0.272323
5,1,1.418095,0.673362,0.506631
5,-1,0.766949,0.713393,0
5,-1,0.58986,0.875514,0.021951
5,1,0.611509,0.190157,0.928957
5,1,0.54044,0.086194,0.414537
5,-1,1.095159,0.621342,0.704217
5,1,0.756354,0.021818,0.088616
5,-1,0.731928,0.310359,0.193757
5,-1,0.664268,0.479083,0.210064
5,1,0.875272,0.702893,0.901551
5,-1,0.429617,0.673038,0.192003
5,-1,0.553451,0.594761,0.135515
5,1,0.569556,0.278783,0.489466
5,1,0.450237,0,0.488239
5,1,0.466908,0.114557,0.839523
5,-1,0.625966,0.885893,0.491222
5,-1,0.517463,0.389242,0.020557
5,-1,0.657919,0.497272,0.806613
5,-1,0.890273,0.398785,0.212834
5,-1,0.805344,0.988671,0.928871
5,1,0.653645,0.080263,1
5,-1,0.80295,0.705585,0.301363
6,-1,0.468217,1,0.673407
6,1,0.688199,0.41956,0.803556
6,1,0.738831,0.108916,0.218364
6,-1,0.415721,0.322044,0
6,1,0.389112,0.020989,0.782471
6,-1,0.39558,0.848392,0.503996
6,1,0.396197,0.406934,0.50444
6,-1,0.365667,0.484921,0
6,-1,0.38517,0.737364,0.290191
6,1,0.411422,0.297227,0.112148
6,-1,0.434724,0.601428,0.171651
6,1,0.431943,0.191963,0.919763
6,-1,0.383379,0.892908,0.143817
6,-1,0.323708,0.87928,0.016263
6,1,0.378621,0.20224,0.391113
6,1,0.603132,0.827775,0.984127
6,-1,0.364192,0.974772,0
6,-1,0.377049,0.985433,0.275435
6,1,0.507676,0.426101,0.746802
6,-1,0.36269,0.991987,0.100369
6,1,0.528384,0.898107,1
6,1,0.352077,0.061957,0.408403
6,1,0.346093,0.01126,0.114024
6,-1,0.388625,0.986586,0.173364
6,1,0.377421,0.315387,0.905405
6,1,0.374812,0.097945,0.737284
6,-1,0.481519,0.978645,0.496531
6,1,0.533544,0.593388,0.915758
6,-1,0.380027,0.597662,0.081171
6,1,0.67442,0.551473,0.729444
6,1,0.398283,0.118656,0.800153
6,-1,0.386264,0.694113,0
6,1,0.433771,0.196803,0.514055
6,-1,0.419239,0.815216,0.31212
6,-1,0.393239,0.712261,0.177645
6,1,0.412607,0.508398,0.721091
6,-1,0.373168,0.864845,0.810276
6,1,0.664594,0.502668,0.903035
6,1,0.433014,0.597787,0.995762
6,-1,0.410649,0.499757,0.148474
6,-1,1.007003,0.600011,0.479016
6,1,0.503329,0.006986,0.403779
6,1,1.08118,0.702386,0.873221
6,1,0.803993,0.181952,0.316448
6,-1,0.466537,0.834119,0.229331
6,1,0.692825,0.397354,0.892429
6,1,0.453565,0.413768,1
6,-1,0.445241,0.6183,0.042842
6,1,0.897864,0.418809,0.582652
6,-1,1.275683,0.802085,0.691177
6,1,1.023252,0.304783,0.387982
6,1,0.916767,0.300376,0.495372
6,-1,0.537279,0.20354,0.03654
6,1,0.754688,0.59363,0.78916
6,-1,0.432826,0.613708,0.288972
7,-1,2.335296,0.786601,0.40127
7,-1,1.928159,0.804113,0.002604
7,1,2.642775,0.025047,0.617961
7,1,2.696064,0.004638,0.980544
7,1,2.599403,0.089984,0.91551
7,1,2.660568,0.084359,0.29761
7,-1,3.106141,0.407101,0.195761
7,-1,3.281038,0.530698,0.026678
7,-1,3.049242,0.708379,0.186927
7,-1,2.843984,0.485444,0.699483
7,1,5.689616,0.900161,0.282723
7,1,1.946039,1,0.394828
7,-1,1.646046,0.566467,0.91039
7,-1,2.980743,0.91653,0.029208
7,1,4.571906,0.981251,0.295751
7,-1,1.68276,0.379449,0.29219
7,1,2.580369,0.197583,1
7,1,1.120083,0,0.3226
7,-1,4.166671,0.715972,0.289317
7,1,2.182088,0.092742,0.984907
7,1,1.532731,0.990296,0.921454
7,-1,2.819517,0.615427,0.09218
7,1,2.609539,0.336412,0.551002
7,1,1.96388,0.121468,0.381238
7,1,1.955201,0.247347,0.611187
7,1,2.34627,0.807142,0.708579
7,1,3.291803,0.396687,0.606539
7,1,1.721559,0.00397,0.739786
7,1,2.910574,0.661804,0.601547
7,1,3.306567,0.930175,0.38517
7,1,1.707619,0.405425,0.462234
7,1,2.024185,0.909679,0.681571
7,-1,1.144853,0.190305,0
7,1,4.103077,0.196985,0.790845
7,-1,2.86133,0.483007,0.188462
7,-1,1.606549,0.794491,0.080728
7,1,1.299795,0.098108,0.165455
7,-1,0.906629,0.535925,0.759512
7,1,1.022725,0.936514,0.497805
7,-1,1.381002,0.390604,0.683109
7,-1,3.128744,0.60353,0.997824
7,1,2.277718,0.859741,0.762631
7,-1,1.31711,0.304507,0.153689
7,-1,1.816193,0.456388,0.084309
7,1,2.105732,0,0.100506
7,1,2.397992,0.795991,0.636343
7,-1,1.700857,0.424739,0.00837
7,-1,3.18529,0.483913,1
7,-1,3.209939,0.878875,0.221438
7,1,1.799377,1,0.707952
7,-1,1.407616,0.478722,0.318841
7,-1,2.371579,0.700543,0.090354
7,-1,1.297244,0.51414,0.618553
7,1,2.117409,0.309551,0.834502
7,-1,1.467791,0.806104,0.969593
8,1,0.943931,0.080059,0.391839
8,-1,1.307858,0.72768,0.491092
8,1,0.975409,0.017421,0.681068
8,-1,0.68637,0.473067,0
8,-1,1.429841,0.291339,0.004019
8,-1,1.723075,0.821901,0.71744
8,-1,0.707426,0.905647,0.37492
8,1,0.71369,0.510099,0.597576
8,-1,0.940822,0.918543,0.072747
8,-1,0.791858,1,0.468452
8,1,0.737305,0.120472,0.517443
8,1,0.946269,0.180033,0.39777
8,-1,1.546661,0.716688,0.114493
8,-1,0.671764,0.172849,0
8,1,1.142576,0.219498,0.974403
8,1,0.851601,0,0.400935
8,1,1.702774,0.394579,0.715807
8,1,1.240596,0.395553,0.503853
8,1,2.270026,0.864794,0.838614
8,1,1.063199,0.984096,0.585167
8,-1,1.129419,0.593177,0.194697
8,1,1.252801,0.405009,0.760157
8,-1,0.535127,0.495764,0.288555
8,-1,0.834415,1,0.395516
8,1,0.576982,0.077572,0.292153
8,1,0.928755,0.803,0.59805
8,-1,1.005293,0.990562,0.807626
8,1,0.566036,0.129013,0.618633
8,1,0.757009,0.092016,0.228039
8,-1,0.739512,0.607978,0.015746
8,-1,0.627239,0.771535,0.308963
8,-1,0.997795,0.988822,0
8,1,1.453688,0.921554,0.725492
8,1,0.751975,0.168603,0.807541
8,1,1.532387,0.335373,1
8,-1,1.892884,0.12395,0
8,1,2.648114,0.99215,0.740408
8,-1,0.879802,0.999844,0.103447
8,1,0.819059,0.308024,0.609539
8,-1,0.895606,0.795847,0.516289
8,1,1.992318,0.602666,0.709225
8,-1,0.660695,0.711917,0.184133
8,-1,0.745599,0.918049,0.585564
8,-1,0.480631,0.8991,0.196665
8,-1,1.18137,0.914018,1
8,-1,0.605327,0.905712,0.292985
8,1,0.448794,0,0.86104
8,-1,0.898547,0.800269,0
8,-1,1.08397,0.497812,0.220532
8,1,1.169465,0.193751,0.298366
8,1,1.199979,0.298522,0.423183
8,1,1.30027,0.421735,0.618229
8,-1,0.600672,0.759594,0.084241
8,-1,0.568562,0.707498,0.282572
8,1,1.661168,0.519566,0.900175
9,-1,1.099535,0.691754,0.487308
9,1,0.666677,0.174429,0.987374
9,1,0.5759,0.009557,0.897522
9,1,0.460189,0.328968,0.983575
9,-1,0.58098,0.386266,0
9,1,0.432803,0.067405,0.458565
9,1,0.551543,0.478974,0.911593
9,-1,0.57566,0.523423,0.402756
9,-1,0.368412,1,0.43055
9,-1,0.332406,0.515612,0.150331
9,1,0.493418,0.195922,0.831059
9,-1,0.374109,0.107543,0
9,1,0.705032,0.622391,0.971218
9,-1,0.473776,0.695783,0.303427
9,1,0.377898,0,0.621957
9,1,0.401139,0.009395,0.300049
9,-1,0.385804,0.298997,0.197606
9,1,0.537234,0.909103,1
9,1,0.394697,0.390306,0.700825
9,1,0.455671,0.006842,0.200268
9,1,0.429874,0.600408,0.709355
9,1,0.402523,0.200882,0.923206
9,-1,0.349046,0.884074,0.105045
9,-1,0.266391,0.611091,0.285592
9,-1,0.473978,0.899364,0.598823
9,-1,0.329394,0.791057,0.394231
9,-1,0.346416,0.696545,0.230874
9,1,0.422416,0.098305,0.306947
9,1,0.927833,0.227421,0.391406
9,-1,0.308299,0.916127,0.305427
9,1,0.493469,0.619327,0.82906
9,1,0.420064,0.10312,0.412827
9,-1,0.427273,0.799028,0.001432
9,-1,0.495984,0.93784,0.802654
9,-1,0.820075,0.620112,0.479165
9,-1,0.329731,0.682143,0.110069
9,1,0.381121,0.068208,0.809334
9,-1,0.351634,0.487461,0.29143
9,-1,0.357432,0.987091,0.706539
9,-1,0.531184,0.416984,0.58729
9,-1,0.402411,0.996551,0.002861
9,-1,0.325241,0.578044,0.108182
9,1,0.388245,0.105172,0.992189
9,-1,0.369965,0.381573,0.292424
9,-1,0.312793,0.512607,0.013536
9,-1,0.436921,0.90844,0.42364
9,1,0.526147,0.78452,1
9,-1,0.37396,0.693025,0.793998
9,1,0.431082,0.894582,0.69676
9,-1,0.441537,0.569046,0.181413
9,1,0.482168,0.321259,0.813699
9,-1,0.706922,0.177117,0.116097
9,1,0.589639,0.511253,0.982315
9,-1,0.329341,0.706988,0.018708
9,1,0.48285,0.473705,0.795224
10,-1,0.974152,0.50292,0.907067
10,-1,2.252633,0.802977,0.685742
10,-1,1.108651,0.805244,0.200671
10,1,1.400985,0.107758,0.52981
10,1,1.280489,0.192358,0.40635
10,1,1.431621,1,0.618386
10,-1,0.806349,0.868689,0.386152
10,1,0.876621,0,0.504564
10,-1,1.157437,0.455391,0.969758
10,1,0.715669,0,0.60661
10,-1,0.538464,1,0.093579
10,-1,1.791586,0.827406,0.264808
10,1,1.133295,1,0.895277
10,-1,0.947299,0.282984,0
10,-1,0.843526,1,0.002124
10,-1,1.402377,0.898764,0.15442
10,-1,1.909159,0.684977,0.392663
10,1,1.800932,0.293528,0.690861
10,-1,1.191631,0.585953,0.796798
10,1,0.862431,0.216857,0.501171
10,-1,1.594343,0.328177,0.094408
10,-1,0.772009,0.564087,0.122292
10,-1,1.106905,0.289287,0.990832
10,1,1.141414,0.884929,0.634739
10,1,1.407914,0,0.408907
10,1,2.43675,0.916171,0.723559
10,-1,0.819982,0.084184,0
10,1,1.189615,0.113268,0.923942
10,-1,0.753283,0.186211,0.081345
10,1,0.554831,0.007006,0.7305
10,-1,0.662936,0.199582,0.026474
10,1,1.874999,0.230952,0.305185
10,-1,3.914668,0.321481,0.393365
10,-1,0.904813,0.380751,0.090647
10,-1,0.635878,0.596509,0.19893
10,1,1.405631,0.897628,0.815163
10,-1,1.243063,0.807788,0.105282
10,1,0.887354,0.589166,0.491519
10,-1,3.927002,0.805123,0.379403
10,1,2.217021,0.926222,0.306205
10,-1,3.823994,0.204897,0.998391
10,1,1.253754,1,0.805209
10,-1,0.936768,0.808699,0.004341
10,1,0.627941,0.085949,0.679182
10,-1,0.990579,0.734269,0.200266
10,1,1.062513,0.290466,0.619884
10,1,1.09297,0.378488,0.477805
10,-1,0.703946,0.509892,0.252307
10,1,1.474695,0.982419,0.408197
10,-1,1.19489,0.663625,0.977045
10,-1,0.699091,0.912069,0.010067
10,1,0.890688,0.709317,0.590366
10,1,0.898447,0.810761,0.510952
10,-1,0.87424,0.610046,0.382152
10,1,0.67365,0.7211,0.502981
11,1,0.875666,0.086261,0.278055
11,1,0.492196,0.374562,0.989927
11,-1,0.62514,0.398894,0.221218
11,-1,1.077594,0.596919,0.702349
11,-1,0.641175,0.711379,0.026018
11,-1,0.555108,1,0.313197
11,1,0.591515,0,0.606524
11,-1,0.574749,0.286749,0.00159
11,1,0.863989,0.28918,0.495802
11,-1,0.447564,0.781023,0.000728
11,-1,0.625257,0.074307,0.022689
11,-1,1.631366,0.798952,0.668403
11,1,0.56326,0.003546,0.486861
11,-1,0.717752,0.971398,0.685233
11,1,1.389688,0.662122,0.911759
11,-1,0.605336,0.485713,0.393828
11,1,0.592196,0.099382,0.393311
11,-1,1.206155,0.914493,0.84433
11,-1,0.583753,0.707129,0.430037
11,-1,0.548245,0.585899,0.297477
11,1,0.535745,0.093908,0.701656
11,1,0.955349,0.568631,0.806212
11,1,1.21412,0.501601,0.693427
11,-1,0.517878,0.69587,0.34722
11,1,0.727234,0.396642,0.866756
11,-1,0.462766,0.593501,0.107752
11,-1,0.497951,0.397211,0
11,-1,0.780807,0.583985,0.509313
11,-1,0.638453,0.895241,0.617083
11,1,0.512612,0.199064,0.505593
11,-1,0.596853,0.40319,0.292637
11,1,0.409543,0.206121,0.984068
11,1,0.789216,0.621508,1
11,1,0.598266,0.200376,0.805881
11,1,0.829445,0.199091,0.308827
11,1,0.548453,0.533401,1
11,-1,0.531135,0.792389,0.305109
11,1,0.593602,0,1
11,1,0.811302,0.394522,0.787821
11,1,0.584131,0.905504,1
11,-1,0.418619,0.902217,0.02815
11,-1,0.435434,0.680933,0.188434
11,1,0.479828,0.281469,0.913748
11,1,0.446812,0.215314,0.60697
11,-1,0.389266,0.895835,0.235633
11,-1,0.653554,0.187921,0.12117
11,-1,0.436214,1,0.127581
11,1,0.447081,0.015227,0.19671
11,1,0.455344,0.816322,0.986049
11,-1,0.455084,0.764686,0.472624
11,1,0.379837,0.098794,0.876329
11,1,0.700198,0.514416,0.86792
11,1,0.685217,0.419051,0.614422
11,1,0.529718,0.081468,0.500482
11,1,0.473738,0.135865,0.801038
12,-1,0.939927,0.505031,0.801669
12,1,1.001844,0.113744,0.29509
12,-1,1.255218,0.603683,0.898233
12,-1,2.223294,0.598093,0.099838
12,1,1.172327,0.122064,0.403526
12,-1,1.000095,0.228383,0.03893
12,1,1.029995,0.252307,0.839764
12,1,1.754851,0,0.789027
12,-1,2.039431,0.503341,0.570346
12,1,2.018291,1,0.116469
12,1,2.432627,0.406303,0.505815
12,-1,1.68948,0.934727,1
12,-1,0.894346,0.708184,0.902508
12,1,1.078739,0.104658,0.681704
12,-1,1.179448,0.374039,0.721621
12,-1,1.403334,0.381434,0.802861
12,1,0.95927,0.286774,0.712348
12,1,1.379014,0,0.29752
12,-1,1.178306,0.50627,0.895449
12,-1,1.061499,0.496715,0.111616
12,1,1.013025,0,0.888568
12,-1,1.153553,0.515563,0.169442
12,-1,1.62386,0.371755,0.905717
12,-1,1.104777,0.715521,0.509009
12,1,2.167569,0.724669,0.814084
12,1,2.189819,0.605222,0.732831
12,1,1.379258,0.905279,0.335766
12,1,1.816869,0,0.57548
12,-1,2.421634,0.512359,1
12,1,1.083589,0,0.403278
12,-1,1.710957,0.206612,0.91898
12,-1,1.940417,0.615458,0.413892
12,-1,1.378201,0.775895,0.107183
12,-1,1.318668,0.820159,0.211254
12,1,1.574923,1,0.280016
12,1,1.202057,0.320126,0.509311
12,-1,0.744923,0.71024,0.014996
12,1,1.454647,0.893546,0.763335
12,-1,1.736754,0.028248,0.987498
12,1,5.928607,0.999553,0.380899
12,-1,1.01602,0.724624,0.175503
12,1,1.102337,0.010069,0.078832
12,-1,0.712468,0.494515,0
12,1,0.882192,0.21777,0.317803
12,-1,0.826244,0.589464,0.21136
12,1,1.375772,0.993489,0.624426
12,-1,1.190844,0.955732,0.237823
12,1,1.227311,0.828976,0.606663
12,-1,1.146653,0.214566,0.082155
12,-1,1.353563,0.821604,0.994479
12,1,0.930987,0.196361,0.392959
12,-1,1.591033,0.888406,0.088426
12,-1,1.211789,0.413792,0.293442
12,-1,1.334949,0.585794,0.323306
12,1,1.18889,0.988632,0.699392
13,-1,2.547916,0.514117,0.097379
13,1,0.980653,0.106873,0.187175
13,-1,0.606899,0.680349,0.287396
13,1,0.636489,0.186037,0.624981
13,1,0.564754,0.281012,1
13,1,0.601329,0.103421,0.803073
13,-1,0.706056,1,0.118021
13,1,0.419522,0,0.808355
13,-1,0.500601,0.737632,0.030994
13,1,1.802252,0.508403,0.694539
13,-1,0.58541,0.566277,0.406838
13,-1,0.414661,0.796883,0.218343
13,-1,0.457337,1,0.202417
13,1,0.666947,0,0.31383
13,1,0.642125,0.297004,0.384161
13,1,0.375638,0.19152,0.684174
13,-1,0.48236,0.998103,0.614862
13,1,0.43978,0.114772,0.883578
13,-1,0.472846,1,0.510868
13,-1,0.524704,0.783739,0.31047
13,1,0.494993,0,0.195022
13,1,0.573362,0.707129,0.893152
13,-1,0.645031,0.902594,0.424034
13,-1,0.60388,0.287666,0.099146
13,1,0.489689,0.177232,0.877077
13,-1,0.438338,0.899116,0.008822
13,-1,0.405687,1,0.892651
13,-1,0.556432,0.47956,0.196354
13,1,0.701771,0.281594,0.48235
13,-1,0.784153,0.576002,0.68123
13,1,0.961162,0.23298,0.279629
13,1,0.557125,0.377749,1
13,1,0.781725,0.390954,0.808165
13,-1,0.568162,0.62644,0.491721
13,-1,0.605952,0.389762,0
13,1,0.728584,0.389035,0.666842
13,1,0.519882,0.590103,0.79828
13,1,0.815581,0.352441,0.489797
13,-1,0.435034,0.511635,0
13,-1,0.416221,1,0.697617
13,-1,0.709013,0.938498,0.789461
13,1,0.659466,0.462554,0.875722
13,1,0.526309,0,0.096227
13,1,0.458733,0.090067,0.411062
13,-1,0.405606,0.903687,0.334784
13,-1,0.373243,0.632074,0.091458
13,1,0.435652,0.11215,0.689516
13,-1,0.499369,0.60619,0.289276
13,-1,0.4942,0.808691,0.527302
13,-1,0.485514,0.995842,0.808367
13,-1,0.742082,0.805159,0.67933
13,-1,0.367181,0.605758,0.003091
13,-1,0.355134,1,0.018519
13,-1,0.358416,0.89218,0.581096
13,-1,0.394844,0.399629,0.236325
14,-1,0.614719,0.774727,0.306028
14,1,1.49967,0.190352,0.379349
14,1,1.051805,0.026957,0.898196
14,-1,0.765668,0.957389,0.614873
14,-1,0.554722,0.919891,0.52232
14,-1,0.496183,0.788831,0.414479
14,1,0.840832,0.432979,0.726569
14,-1,0.820751,0.324634,0.185128
14,-1,0.619705,1,0.718287
14,1,0.852644,0.475538,0.71118
14,1,0.921503,0.676153,0.767679
14,1,0.747288,0.065755,0.465898
14,1,0.854868,0.530685,0.789475
14,-1,0.842572,0.584788,0.705964
14,-1,0.687329,0.919932,0.301882
14,-1,0.546153,0.822874,0
14,1,1.009987,0.188864,0.525967
14,-1,0.630564,1,0.18587
14,-1,1.028172,0.779715,0.595508
14,-1,1.071431,0.123461,0
14,-1,0.743871,0.599628,0.408375
14,1,0.797395,0.001547,0.492285
14,1,0.697457,0.289711,0.71189
14,1,0.618546,0.089192,1
14,-1,0.595954,0.574764,0.115579
14,1,0.746522,0.541975,0.983746
14,-1,0.610279,0.500897,0.299057
14,-1,1.101982,0.895771,0.785813
14,1,0.931152,0.487221,0.579179
14,1,0.813487,0.78588,0.974093
14,1,0.794774,0.738015,0.892168
14,-1,0.575014,0.793809,0.118917
14,1,0.585862,0.210345,0.902087
14,1,0.534305,0.292693,1
14,-1,0.601656,0.299078,0.057569
14,-1,0.560272,0.72347,0
14,-1,0.566025,1,0
14,-1,0.72554,0.998738,0.88284
14,-1,0.73409,0.795847,0.181733
14,1,0.912082,0.113109,0.19975
14,1,0.674269,0.120997,0.906621
14,1,0.703721,0.03027,0.620079
14,1,0.548221,0.430461,1
14,-1,0.680644,0.904653,0.555563
14,-1,0.644417,0.380146,0.007282
14,-1,0.518122,0.320689,0.008612
14,1,0.572907,0.193383,0.697545
14,-1,0.686204,0.690522,0.089775
14,1,0.576242,0.415003,0.904562
14,-1,0.50854,0.242851,0.004963
14,1,0.543557,0.202025,0.61011
14,-1,0.521299,0.608416,0.307082
14,1,0.690175,0.333139,0.417349
14,-1,0.589189,0.421371,0.106458
14,-1,0.56204,0.531363,0.401965
15,-1,2.739037,0.611663,0.883898
15,-1,1.969845,0.100531,0.008532
15,1,1.508656,0,0.431675
15,-1,1.806149,0.307487,0.66029
15,1,0.958287,0.004052,0.496363
15,1,0.96833,1,0.776423
15,-1,0.856516,0.679985,0.242483
15,-1,1.909853,0.80134,0.402057
15,-1,1.22113,0.499062,0.198441
15,-1,5.522295,0.909235,0.081755
15,-1,2.578583,0.587584,0
15,-1,1.871712,0,0.686818
15,-1,2.169216,0.573508,0.133634
15,1,2.239411,0.128348,0.192441
15,-1,1.457023,0.514722,0.884171
15,-1,1.096445,0.279611,0.0655
15,-1,1.660956,0.431609,0.676012
15,-1,1.249934,0.143745,0.970645
15,1,1.089374,0.777751,0.495366
15,1,1.264538,0.874556,0.402186
15,1,0.849909,0,0.908747
15,1,1.055228,0.976105,0.396456
15,1,0.924798,0.917172,0.683059
15,1,1.237418,0.305244,0.436317
15,-1,1.089487,0.183974,0
15,-1,1.030395,0.50553,0.441423
15,1,0.920487,0,0.82039
15,-1,0.609483,0.623912,0.195618
15,-1,1.478484,0.897303,0.807339
15,1,1.000844,0.512496,0.580989
15,1,0.862584,0.197195,0.251173
15,-1,0.84783,0.878646,1
15,-1,1.970264,0.504114,1
15,1,0.776962,0.083828,0.714237
15,1,0.762279,0,0.298806
15,-1,0.702275,0.499951,0.087829
15,-1,3.208807,0.276721,0.985327
15,1,0.786399,0.298474,0.489201
15,1,1.032077,0.24758,0.897144
15,-1,0.816876,0.781024,0.212188
15,1,2.158375,0.71432,0.609162
15,-1,1.143057,0.317983,0.780752
15,-1,0.7201,0.418044,0.117924
15,-1,1.344019,0.599748,0.328726
15,1,0.777283,0.78458,0.590184
15,1,1.029269,1,0.680949
15,1,0.585344,0.074161,0.798411
15,-1,0.997675,0.531437,0.659314
15,1,1.01745,1,0.188008
15,-1,1.663844,0.780952,0.667459
15,-1,1.07703,0.952292,0.01072
15,1,1.624511,0.313443,0.896728
15,-1,1.812875,0.404743,0.230214
15,-1,1.107565,0.631108,0.38416
15,-1,1.932767,0.594676,0.97705
16,1,1.636193,1,0.484451
16,1,2.126212,0.014343,0.4704
16,-1,1.761502,0.825169,0.019275
16,1,2.825061,0.097836,0.699853
16,1,2.379177,0.297269,0.698629
16,-1,2.446639,0.613494,0.302004
16,1,1.858651,0.378842,0.781479
16,1,1.282403,0.202943,0.687524
16,1,1.105036,0,0.124952
16,1,2.671653,0.313275,0.868368
16,-1,1.37523,0.18517,1
16,-1,1.231693,0.488981,0.17332
16,-1,1.444674,0.501741,0.899412
16,1,1.652922,1,0.392526
16,-1,1.870863,0.509715,0.301054
16,-1,1.274173,0.383111,0.216579
16,1,1.565988,0.11354,0.798016
16,1,2.857797,0.304557,0.764461
16,-1,1.152922,0.406237,0.114591
16,1,1.501407,0.590181,0.504936
16,1,1.399061,0.491204,0.710815
16,1,2.638382,0.787793,0.498261
16,1,1.702827,0.416553,0.694082
16,-1,3.680913,0.11876,0.955778
16,-1,1.401175,0.657709,0.977658
16,-1,1.381061,0.300953,0.113425
16,-1,1.406781,0.669485,0.901617
16,-1,1.042122,0.600683,0
16,-1,1.15231,0.795478,0.2101
16,1,0.80612,0.09819,0.495854
16,1,1.096628,0.989654,0.797544
16,-1,1.353695,0.195276,0.094568
16,1,0.817139,0,0.335151
16,1,0.888055,0.998222,0.620836
16,1,0.771505,0.006309,0.691849
16,-1,0.671398,0.211763,0.004099
16,-1,0.793157,0.330687,0.188696
16,1,1.594732,0.711546,0.58166
16,-1,1.931423,0.774454,0.875419
16,-1,1.586247,0.42068,0.017654
16,-1,1.021992,0.317862,0.984539
16,-1,0.911777,0.602663,0.130139
16,1,1.064868,0.920792,0.61483
16,1,1.106681,0.096303,0.86564
16,-1,0.927938,0.889165,0.981968
16,-1,0.904598,0.878302,0.005822
16,-1,1.225979,0.609682,0.790798
16,-1,1.460555,0.407344,0.89726
16,1,1.673077,0.392123,0.592589
16,-1,1.698455,0.508455,0.425083
16,1,0.921543,0.168383,0.896543
16,1,1.016448,0.224317,0.594137
16,-1,1.36786,0.398831,0.284082
16,1,1.499364,0.795816,0.687269
16,1,5.715868,1,0.023492
17,1,2.071496,0.923028,0.712143
17,1,1.438967,0.089545,0.700776
17,-1,2.170402,1,0.492809
17,1,0.97782,0.284259,0.612279
17,-1,1.271163,0.186125,0.034665
17,1,1.13017,0.893973,1
17,1,1.213035,0.9659,0
17,-1,1.173679,0.388393,0.197832
17,-1,2.342183,0.780051,0.589859
17,1,1.175905,0.982647,0.126978
17,1,1.621412,0.094716,0.415715
17,-1,1.293054,0.56657,0.368336
17,-1,0.980064,0.398657,0.025701
17,1,1.357143,0.099424,0.92291
17,1,1.318778,0.315426,0.391177
17,1,1.068214,0.909927,0.281739
17,-1,1.007566,0.391769,0.910944
17,1,1.471213,0.182605,0.57981
17,-1,1.11819,0.50046,0.167332
17,1,1.158393,0.13359,0.227119
17,1,1.072315,0.590975,0.710045
17,-1,1.199218,0.629317,1
17,-1,1.207889,0.503516,0.319877
17,-1,1.19013,0.230144,1
17,-1,0.705453,0.918935,0
17,-1,1.535352,0.601409,0.914825
17,1,1.731048,0,0.784174
17,1,1.514788,0.188462,0.286679
17,-1,0.873864,0.482039,0
17,-1,0.736638,0.346324,0.021575
17,-1,1.094268,0.810864,0.901436
17,-1,1.471118,0.118041,0.009508
17,-1,1.444143,0.658231,0.026425
17,-1,1.66203,0.761581,0.986584
17,1,1.726797,0.734838,0.508722
17,-1,1.264337,0.585109,0
17,1,1.576354,0.095755,0.288239
17,-1,1.505782,0.382683,1
17,-1,2.440136,0.409023,0.712202
17,-1,2.188688,0.501558,0.583464
17,1,2.676034,0.808186,0.687229
17,-1,2.240612,0.507319,0.913687
17,1,1.847526,0.787975,0.479166
17,-1,2.326622,0.228546,0.813995
17,-1,3.226842,0.229106,0.719124
17,1,1.941154,0.100739,0.589656
17,-1,1.791991,0.203094,0.930776
17,1,1.624035,0.27887,0.676227
17,-1,1.713555,0.783294,0.09076
17,-1,2.120096,0.276434,0.826559
17,1,1.815273,0.995472,0.715352
17,1,1.968603,1,0.28942
17,-1,1.792136,0.499363,0.070221
17,-1,1.41864,0.503574,0.398037
17,-1,1.619646,0.434089,0.812963
18,-1,2.286411,0.48562,0.121753
18,-1,9.991552,0.782547,0.277905
18,1,1.872193,0,0.20392
18,1,2.449003,0.988244,0.839173
18,-1,2.28514,0.466792,0.981857
18,-1,2.06885,0.707792,0.885397
18,-1,1.717145,0.709829,0.110137
18,1,3.692062,0.1761,0.340599
18,1,9.087431,0.356379,0.737064
18,1,2.09533,0.0918,0.910296
18,-1,2.945346,0.593541,0.707704
18,1,2.003504,0.900168,0.63292
18,-1,3.04915,0.775109,0.194421
18,1,2.255518,0.691167,0.521497
18,-1,2.083174,0.230621,0.098967
18,-1,1.998309,0.411495,0.292636
18,-1,3.782012,0.39775,0.987001
18,1,1.636157,0,0.066627
18,1,3.336023,0.390363,0.579613
18,1,2.090093,0.111795,0.976542
18,-1,1.929731,0.704975,0.215315
18,-1,2.815745,0.797924,0.410702
18,1,1.384899,0.272882,0.729427
18,1,1.306107,0.011292,0.81194
18,1,4.781603,0.911005,0.396981
18,1,2.532414,0.823007,0.723538
18,-1,3.005126,0.584668,1
18,1,1.29046,0.109673,0.387345
18,-1,4.126868,0.482965,0.28394
18,-1,2.597096,0.602302,0.286405
18,1,2.959413,0.200746,0.956343
18,1,3.904742,0.067905,0.618932
18,1,1.160544,0.184268,0.470874
18,-1,2.437519,0.824469,0.128507
18,1,4.588584,0.286428,1
18,-1,1.890797,1,0.003325
18,1,1.491982,0.103882,0.298995
18,-1,1.726751,0.315935,0
18,1,1.077225,0.178346,0.608374
18,-1,2.155322,0.504393,0.925568
18,1,1.598351,0.791303,0.527252
18,-1,2.070522,0.90565,1
18,1,1.871615,0.001097,0.90877
18,-1,1.880902,0.395915,0.189257
18,-1,1.490084,0.712022,0.988294
18,1,1.419327,0,0.474543
18,1,1.349855,0.590923,0.542181
18,1,0.665498,0,0.379401
18,-1,1.702619,0.881387,0.18116
18,-1,1.848752,0.696525,0.032692
18,-1,1.269354,0.60511,0
18,-1,3.314858,0.521227,0.409512
18,1,5.371239,0.882666,0.315692
18,1,1.630259,0.775954,0.617058
18,-1,2.538377,0.806495,0.890884
19,1,1.338556,0.525491,0.893092
19,-1,1.274914,0.38173,0.008925
19,1,0.649061,0.134842,0.781301
19,1,0.665019,0.126694,0.91812
19,1,0.564911,0.126021,1
19,1,0.806605,0.179658,0.511137
19,1,0.683043,0,0.89464
19,-1,0.837853,0.775772,0.219187
19,-1,0.736091,1,0.301245
19,1,1.209354,0.489831,1
19,1,0.859483,0.084036,0.581789
19,-1,1.248128,0.490627,0.079104
19,1,0.817799,0.309625,0.546755
19,1,0.822475,0.184828,0.616345
19,1,1.416619,0.6864,0.876457
19,1,1.031166,0.385313,0.686313
19,1,0.808118,0.396494,0.798177
19,-1,0.88163,0.92404,0.601893
19,1,1.050845,0.3788,0.618732
19,-1,1.195373,0.117601,0.045214
19,1,0.794515,0.503265,0.626356
19,-1,0.959947,0.603126,0.014465
19,1,0.933246,0.271051,0.736193
19,1,0.532304,0.189917,1
19,1,2.314629,0.605079,0.707342
19,-1,1.706385,0.978029,0.830584
19,-1,1.123957,0.709961,0.520558
19,-1,0.817401,0.185294,0.092853
19,-1,1.005815,0.757361,0.511746
19,1,0.855331,0.330631,0.581313
19,-1,0.67848,0.993259,0.696742
19,-1,0.805491,0.89084,0.295042
19,1,1.243486,0.001645,0.299178
19,-1,0.662523,0.72439,0.069638
19,-1,0.618484,0.987854,0.582862
19,-1,0.731962,0.395692,0.111923
19,-1,0.867738,0.282047,0.124365
19,-1,1.097193,0.812123,0.615462
19,-1,1.944304,0.768618,0.716145
19,1,0.584698,0.026022,0.757372
19,1,0.793815,0.191399,0.926126
19,-1,0.800155,0.202469,0.020258
19,-1,2.167505,0.876071,0.77508
19,1,1.044566,0.236515,0.684921
19,-1,0.901585,1,0.002549
19,1,0.850827,0.39445,1
19,-1,1.390582,0.867643,0.397162
19,-1,0.836,0.304596,0.202253
19,-1,0.659435,0.384861,0.325804
19,-1,2.398724,0.503319,0.423559
19,1,0.9089,0.274981,0.771981
19,-1,0.993853,0.389354,0.21219
19,-1,1.318748,1,0.871761
19,1,0.678544,0,0.725615
19,-1,0.850311,0.498745,0
20,1,0.498416,0.011673,0.97291
20,-1,0.735795,0.472475,0.201323
20,1,0.622222,0.290046,0.48917
20,-1,0.431008,0.696664,0.40483
20,1,0.363881,0.114545,0.728923
20,1,0.869714,0.729546,0.820302
20,1,0.718623,0.695692,0.933314
20,-1,0.523637,0.998786,0.856433
20,1,0.430406,0.489797,1
20,1,0.514657,0.310131,0.897961
20,-1,0.5537,0.510082,0.383345
20,-1,0.462604,0.822123,0.219922
20,-1,0.442018,0.728611,0.236313
20,-1,0.428681,0.764416,0.107354
20,-1,0.557986,0.990889,0.208147
20,-1,0.505195,0.370376,0.084522
20,-1,0.458257,0.994481,0.779497
20,1,0.436326,0.301105,0.782609
20,1,0.555454,0.497864,0.682554
20,-1,0.613388,0.276166,0.116023
20,-1,0.413967,0.714997,0.342042
20,-1,0.399922,0.591195,0.177062
20,-1,0.440878,0.644719,0.329984
20,1,0.579187,0.498565,0.618118
20,1,0.39392,0.425733,0.888702
20,-1,0.436854,0.63539,0.093712
20,-1,0.517045,0.176847,0.112438
20,1,0.363797,0.10655,0.884873
20,1,0.313993,0.006495,0.93821
20,-1,0.419279,0.720975,0.613197
20,-1,0.363684,0.562945,0.39843
20,1,0.356935,0.020156,0.494806
20,1,0.349746,0.089531,1
20,-1,0.445033,0.387664,0.207298
20,1,0.3545,0.324964,0.983412
20,1,0.411532,0.458415,0.801013
20,-1,0.41505,0.903456,0.515916
20,1,0.41533,0.599473,0.804401
20,-1,0.393316,0.677674,0.024478
20,-1,0.657941,0.318457,0.224528
20,-1,0.376358,0.802271,0.394752
20,1,0.421808,0.606789,0.876892
20,-1,0.419891,0.185823,0
20,-1,0.470377,0.975522,0.575464
20,-1,0.361323,1,0.400388
20,-1,0.407977,0.832199,0.000624
20,1,0.638714,0.811854,0.886923
20,-1,0.376941,0.890343,0.23548
20,-1,0.493961,0.095175,0
20,-1,0.369444,0.99383,0.66834
20,-1,0.430636,0.49216,0.127786
20,1,0.393435,0,0.595419
20,-1,0.351683,0.378414,0
20,-1,0.398321,0.284718,0.001806
20,1,0.408741,0.304486,0.380045
21,1,0.62381,0.417011,0.785264
21,-1,0.472357,0.903973,0.005884
21,-1,0.73178,0.87412,0.521735
21,1,1.066225,0.088784,0.210453
21,-1,1.214736,0.486896,0.402958
21,-1,0.806849,0.521555,0
21,1,0.741494,0.182315,0.558946
21,1,0.658577,0.185194,0.711768
21,-1,0.695209,0.807509,0.230006
21,1,0.769821,0.303374,0.467093
21,-1,0.724096,1,0.320538
21,1,0.602245,0.080929,0.417191
21,-1,0.826821,0.292141,0.177208
21,1,0.816366,0.927458,1
21,-1,0.461091,0.913425,0.182383
21,1,0.530977,0.12558,0.715054
21,1,1.33555,0.721677,0.800903
21,1,1.067907,0.490603,0.600755
21,-1,0.502392,1,0
21,1,0.995605,0.427891,0.557964
21,-1,0.815032,0.320113,0.084246
21,1,0.644969,0.27693,0.403047
21,-1,0.729458,0.896936,0.271421
21,1,0.523419,0,0.813988
21,1,0.681243,0,0.663349
21,1,0.63984,0.09776,0.599497
21,1,0.701472,0.101195,0.490193
21,-1,0.568059,0.713208,0.611473
21,-1,0.590656,0.890952,0.587263
21,1,0.664061,0.020308,0.415233
21,1,0.780472,0.691197,0.926079
21,-1,0.614207,1,0.491939
21,1,0.545161,0.40643,0.990697
21,1,0.652216,0.8023,1
21,1,0.682591,0.50767,0.80368
21,1,0.671646,0.215991,0.468636
21,-1,0.64237,0.739497,0.477494
21,-1,0.795778,0.371222,0.233536
21,-1,0.544054,1,0.181233
21,-1,0.482279,1,0.611954
21,-1,0.533529,0.816381,0.114295
21,-1,1.176467,0.080572,0.043985
21,1,0.899146,0.407841,0.900453
21,1,0.817623,0.796258,0.896221
21,1,0.510092,0.400476,0.723791
21,-1,0.505382,0.788831,0.557565
21,1,0.572806,0.042343,0.326994
21,-1,0.465588,1,0.088107
21,-1,0.645345,0.766844,0.305915
21,-1,0.523317,0.586886,0.309914
21,-1,0.513586,0.916788,0.092075
21,1,0.614966,0.737852,1
21,1,0.580853,0,0.221013
21,-1,0.425874,0.624188,0.023524
21,-1,0.640162,0.737718,0.28535
22,1,3.190083,0.518481,0.704642
22,-1,1.472716,0.476479,0.033913
22,1,1.223769,0.492724,0.916376
22,-1,0.842077,0.833001,0.308682
22,-1,0.855072,0.711957,0.77211
22,-1,1.341389,0.911616,0.085785
22,-1,1.417332,0.935781,0.818609
22,1,2.049153,0,0.116785
22,1,1.151076,0.204456,0.974157
22,1,0.760257,0.799387,0.9956
22,1,0.765046,0.221751,0.69588
22,1,0.527489,0.024619,0.679776
22,-1,0.5502,0.861326,0.376302
22,-1,0.644831,0.605479,0.408103
22,-1,0.50487,0.600202,0.307731
22,-1,0.485393,0.784326,0.229433
22,1,1.050704,0.489962,0.80861
22,-1,1.023252,0.475502,0.406615
22,-1,0.645711,1,0.47303
22,1,0.555912,0,0.803268
22,1,0.495587,0.04681,0.612415
22,-1,0.718401,0.991143,0.699585
22,-1,0.61725,0.517193,0.107298
22,1,1.363868,0.200135,0.273474
22,-1,0.558397,0.583987,0.22247
22,1,0.545861,0.070508,0.291534
22,-1,1.211614,0.586414,0.675567
22,1,0.555331,0.080574,0.989132
22,1,1.219474,0.672508,0.923905
22,1,0.956394,0.124231,0.690045
22,-1,0.887936,0.420831,0.167515
22,-1,0.738765,0.786203,0.561593
22,-1,1.248029,0.970292,0.891432
22,-1,1.040312,0.49316,0.197656
22,-1,0.980264,0.783252,0.386832
22,1,0.860087,0.323137,0.881602
22,-1,1.586651,0.500413,0.61629
22,1,0.704966,0.286375,0.693606
22,1,0.622809,0.108707,0.769024
22,1,0.661214,0.368866,1
22,1,1.07412,0.584408,0.86334
22,1,1.433925,0.314434,0.394846
22,-1,1.134409,0.3943,0.108415
22,1,0.530129,0.304623,1
22,-1,0.829814,0.186353,0
22,-1,0.525397,0.369332,0.016406
22,1,0.569608,0.011034,0.997811
22,-1,0.893886,0.910199,0
22,-1,1.004883,0.488154,0.29877
22,1,0.552402,0.568593,1
22,1,0.804805,0.075983,0.192137
22,1,0.468269,0.014367,0.315083
22,-1,0.641371,0.914305,0.205596
22,-1,0.674413,0.596992,0.067629
22,-1,0.499076,0.727071,0.403726
23,-1,0.744961,0.495964,0.311591
23,-1,0.430631,0.713538,0.293596
23,-1,0.441635,1,0.596875
23,1,0.64161,0.01117,0.222801
23,-1,0.935198,0.517041,0.608616
23,-1,0.632473,0.58462,0.304236
23,-1,0.469625,0.590175,0.225391
23,1,0.480798,0.363761,0.654567
23,-1,0.406404,0.708074,0.030209
23,-1,0.423409,0.788927,0.007084
23,1,0.487374,0.507037,0.909911
23,1,0.406706,0.410374,0.491411
23,1,1.005316,0.787528,0.892864
23,-1,0.477025,0.800073,0.295054
23,1,0.44924,0.175971,0.380515
23,1,0.467503,0.187359,0.339152
23,-1,0.417047,1,0.215035
23,1,0.435734,0.123671,0.798614
23,1,0.383098,0.018211,0.38798
23,1,0.518946,0.398489,0.781344
23,1,0.341232,0.117183,0.981587
23,1,0.541136,0.718814,0.787948
23,1,0.430872,0.415265,0.899265
23,-1,0.368454,0.736227,0.110162
23,-1,0.389679,0.377987,0.077515
23,-1,0.367539,0.994589,0.496765
23,-1,0.408683,1,0.003773
23,1,0.411667,0.59515,0.808752
23,1,0.42167,0.508935,0.79227
23,1,0.494597,0.009622,0.113093
23,-1,0.339358,0.619146,0.436768
23,-1,0.371276,0.500979,0.107916
23,-1,0.583031,0.70066,0.595314
23,1,0.499218,0.096473,0.27485
23,-1,0.499868,0.998101,0.694712
23,-1,0.314176,1,0.39513
23,1,0.412176,0.111436,0.623683
23,-1,0.354753,0.51288,0.162969
23,-1,0.378,0.790547,0.246741
23,1,0.416357,0.023568,0.30808
23,1,0.392017,0.168078,0.677218
23,1,0.400302,0.31912,0.403005
23,1,0.494474,0.501111,0.675316
23,-1,0.504895,1,0.808008
23,1,0.401361,0.621677,0.903342
23,1,0.396768,0.022807,0.589798
23,1,0.53298,0.888092,0.968831
23,1,0.441993,0.120385,0.203301
23,-1,0.469561,1,0.306596
23,1,0.388095,0.079808,0.925348
23,-1,0.349169,0.893458,0.262402
23,-1,0.404074,0.910494,0
23,1,0.411145,0.683249,0.896441
23,-1,0.418724,0.9012,0.205754
23,1,0.414154,0,0.507553
24,-1,2.329858,0.223023,0.910788
24,1,0.927963,0.984791,0.646549
24,-1,1.135209,0.285216,0.005251
24,1,1.382532,0.888521,0.4158
24,1,1.929991,0.297456,0.525616
24,-1,0.754011,0.493698,0.914929
24,-1,0.843021,0.746469,0
24,1,2.44134,0.813061,0.237162
24,-1,0.828924,0.622386,0.933509
24,-1,2.234108,0.987237,0.005005
24,-1,1.249589,0.718806,0.87422
24,-1,1.074468,0.527788,0.624315
24,-1,0.832972,0.502331,0.394597
24,-1,0.838834,0.380401,0
24,-1,2.061414,0.60458,0.212691
24,1,1.05877,0.265556,0.381051
24,1,1.462732,0.022229,0.880378
24,1,2.536025,0.106985,0.697734
24,1,2.475201,0,0.594742
24,1,2.372847,0.678908,0.614876
24,-1,2.956507,0.100074,0.885246
24,1,1.819353,0.984524,0.151914
24,1,1.383377,1,0.536462
24,1,0.985852,0.702956,0.500175
24,1,1.987101,0.907449,0.808143
24,1,1.049987,0.309697,0.574057
24,-1,0.787199,0.392887,0.793864
24,-1,1.393052,0.336286,1
24,1,0.637495,0.08281,0.402649
24,-1,1.41067,0.221645,0.144329
24,-1,0.654052,0.132192,0.040145
24,-1,0.916552,0.684808,0.842498
24,1,1.472202,0.861524,0.283775
24,-1,1.496846,0.716429,0.964034
24,1,0.858478,0.044023,0.201839
24,1,0.624983,0.024402,0.468579
24,1,1.024763,1,0.810824
24,1,0.780531,0.208905,0.523943
24,-1,0.978957,0.581407,0.398908
24,-1,4.556212,0.287589,0.672401
24,-1,0.857039,0.373295,0.191102
24,1,0.86439,0.107819,0.579032
24,1,2.193265,0.799944,0.292943
24,-1,0.602481,0.49794,0.792636
24,1,0.531564,1,0.89527
24,1,0.721735,0,0.785697
24,1,2.106954,1,0.085128
24,-1,0.752499,0.402194,1
24,-1,1.207239,0.391568,0.689999
24,1,1.217781,0.229678,0.304118
24,-1,0.781508,0.343275,0.093801
24,-1,1.011366,0.70094,0.18047
24,-1,0.48745,0.477821,0.079915
24,-1,0.429766,0.569833,0.792332
24,1,0.780617,0.073928,0.80169
25,-1,2.464168,1,0.395627
25,1,3.150221,1,0.625883
25,1,2.330688,0.995899,0.891264
25,-1,1.170432,0.505406,0.423033
25,1,1.067549,0.796782,0.702451
25,-1,4.744941,0.370559,0.791117
25,-1,8.704871,0.278177,0.912459
25,-1,1.629194,0.693054,0.123636
25,-1,2.325211,0.530997,0.60041
25,-1,2.145231,0.224079,0.301859
25,1,1.060113,0.313809,0.533297
25,1,1.53463,0.213754,0.697312
25,-1,1.57,0.796759,0.272977
25,-1,1.392776,0.899543,0.124786
25,-1,9.658535,0.095732,0.997292
25,-1,1.34783,0.207616,0.016738
25,1,1.058582,0.103174,0.209254
25,1,1.313305,1,0.691426
25,-1,0.958906,0.613357,0
25,-1,4.344729,0,0.976995
25,1,1.781648,0.076708,0.400057
25,-1,3.763717,0.999493,0.30696
25,-1,1.310948,0.494132,0.89013
25,1,1.25011,0.69664,0.606159
25,-1,2.10513,0.923322,0
25,-1,1.274538,0.611578,0.299619
25,-1,2.036882,0.726581,0
25,-1,0.87505,0.594735,0.07293
25,1,1.300809,0,0.289373
25,1,3.260882,0.17728,0.934032
25,1,1.108814,0.219176,0.501987
25,1,1.111173,0.875234,0.68105
25,1,1.180798,0,0.387115
25,-1,0.873095,0.511948,0.800205
25,-1,2.618188,0.81143,0.223691
25,-1,1.181615,0.574332,0.40751
25,-1,1.029145,0.671984,0.309825
25,-1,1.498889,1,0.184013
25,-1,0.730882,0.412334,0.174049
25,1,0.923131,0.033314,0.10406
25,-1,0.685058,0.546142,0
25,1,0.868745,0.108277,0.291788
25,-1,1.492369,0.805802,0.860282
25,1,0.814306,0.109647,0.537927
25,1,1.138805,1,0.786991
25,-1,0.801609,0.593844,0.893878
25,1,0.594996,0.01422,0.776944
25,-1,0.573383,0.582808,0.19098
25,-1,1.0849,0.402226,0.890437
25,-1,0.588461,0.500375,0.683673
25,-1,1.425727,0.739468,0.399951
25,1,0.986117,0.967427,0.47478
25,1,1.477333,0.276475,0.400636
25,1,1.686839,0.786629,0.60908
25,-1,2.133712,0.788161,0.095204
26,1,3.785985,0.815034,0.303087
26,1,1.623693,0.016599,0.228207
26,1,2.534886,0.964089,0.889914
26,-1,2.208975,0.213705,0.991472
26,1,1.820775,0.274431,0.135215
26,-1,1.582413,0.48927,0.887477
26,-1,1.32742,0.572664,0.207879
26,-1,1.209954,0.706058,0.93268
26,-1,1.435464,0.303145,0.001012
26,1,1.311394,0.090942,0.50397
26,1,1.47512,0.200518,0.410737
26,-1,2.486073,0.340419,0.705611
26,1,0.850399,0.390107,0.490324
26,-1,0.961113,0.494263,0
26,1,0.847115,0.682528,0.531791
26,1,5.289994,0.109157,0.807839
26,1,1.297955,0,0.77868
26,1,1.129281,0.223078,0.491254
26,-1,0.971989,0.432755,0.118586
26,-1,0.962499,0.394449,0.787291
26,-1,1.265141,0.112435,0.982868
26,1,1.01173,0.905109,0.380867
26,-1,1.06794,0.581679,0.405725
26,1,0.92603,0.092102,0.582132
26,-1,0.649717,0.618876,0.997019
26,-1,0.944779,0.642983,0.315677
26,-1,1.150761,0.505505,0.298486
26,-1,0.825205,0.33161,1
26,1,0.851127,0.030504,0.402109
26,-1,0.963687,1,0.028784
26,-1,0.884468,0.381706,1
26,-1,1.669057,0.609595,0.68272
26,-1,0.551068,0,0.896959
26,1,0.826929,0.813512,0.595814
26,1,1.03239,0.198493,0.308598
26,-1,1.100281,0.068132,0
26,-1,0.850503,0.191439,0.78706
26,-1,1.382278,0.370583,0.337959
26,-1,0.947273,0.690459,0.805619
26,-1,0.825927,0.784663,0.917381
26,1,0.791892,0.930828,0.629679
26,-1,0.681731,0.588532,0.016034
26,1,0.651599,0.980526,0.477009
26,1,0.959431,0.714562,0.402032
26,-1,0.847038,0.819459,0.977087
26,-1,1.629339,0.612978,0.463531
26,-1,0.829289,0.740261,0.001854
26,-1,0.599806,0.692988,0.082722
26,-1,0.572779,0.125725,0.900427
26,-1,0.682902,0.287345,0.882522
26,-1,0.7028,0.176249,0.90581
26,-1,0.87951,0.479361,0.789021
26,-1,1.192215,0.692945,0.196548
26,-1,1.035002,0.690914,1
26,-1,0.97975,0.138746,0.173129
27,1,3.892718,1,0.320568
27,1,1.200939,0.380962,0.675086
27,-1,1.225528,0.499495,0
27,1,0.696436,0.00491,0.581402
27,1,0.814351,0.18312,0.690856
27,-1,0.616639,0.823209,0
27,1,2.54973,0.924599,0.493888
27,-1,1.953801,0.917846,0.397654
27,-1,1.092181,0.731174,0.490863
27,-1,1.227572,0.968349,0.029176
27,1,0.775639,0.122208,0.422215
27,1,0.70385,0.265983,0.721621
27,-1,1.18646,0.368027,0.313398
27,-1,2.817494,0.594862,0.921496
27,1,0.648194,0.188129,0.410415
27,1,1.049918,0.89848,0.733241
27,-1,0.770249,0.290654,0
27,-1,1.735572,0.48942,0.980352
27,-1,0.598114,0.291576,0.124832
27,-1,0.542845,0.790842,0.087489
27,1,2.69649,0.788448,0.695937
27,-1,1.078329,0.180205,0.0903
27,1,0.636443,0.002187,0.069428
27,-1,0.806668,0.316246,0.192335
27,1,2.190239,0.698533,0.623984
27,-1,3.262031,0.170735,1
27,1,1.494282,0.412453,0.494251
27,-1,0.596741,0.613778,0.101127
27,1,0.511031,0,0.722167
27,1,1.109042,1,0.904398
27,1,0.565978,0.112517,0.699636
27,1,0.76342,0.17578,0.818584
27,1,0.758417,1,0.693426
27,1,0.690405,0.992128,0.792664
27,-1,1.268483,0.877329,0.103375
27,1,1.862917,0.799906,0.565801
27,-1,3.488834,0.971589,0.378352
27,1,0.794358,0.414969,0.616635
27,1,0.81637,0.401777,0.833744
27,-1,0.785656,0.590614,0.191347
27,-1,0.527673,0.537384,0.109089
27,1,0.532386,0.02857,0.184059
27,-1,1.523068,0.825641,0.507618
27,-1,0.670395,0.876143,0.206887
27,-1,0.457546,0.881055,0.00711
27,-1,0.813172,0.456879,0.2782
27,1,0.531138,0,0.412085
27,1,1.722893,0.921329,0.293908
27,1,1.448258,1,0.113953
27,1,1.257309,0.505649,0.587638
27,-1,1.518602,0.825956,0.889782
27,1,0.642197,1,0.590294
27,-1,0.565193,0.491216,0.177971
27,1,0.578555,0.274251,0.594406
27,1,0.523708,0.300545,0.81815
28,1,4.873353,0.38113,0.46691
28,-1,1.653069,0.881342,0.792478
28,-1,2.532019,0.701842,0.48651
28,1,1.299622,0.785843,1
28,-1,1.092611,1,0.882569
28,1,3.551666,0,1
28,-1,7.673747,0.408569,1
28,1,1.21362,0.117903,0.83814
28,1,1.125643,0.396543,0.77256
28,1,2.538531,0.296894,0.975565
28,-1,2.309495,0.519219,0.332846
28,1,2.82205,0.822633,0.218681
28,-1,0.998302,0.89655,0
28,1,1.303003,0.166108,0.508002
28,1,1.70468,0.099698,1
28,1,2.191454,0,0.071156
28,-1,1.033067,0.305378,0
28,1,2.008396,0.610878,0.825402
28,-1,4.163807,0.786338,0.002748
28,-1,0.78937,0.628605,0.409405
28,-1,0.958388,0.69245,0
28,1,0.921771,0.236539,0.88988
28,1,0.856343,0.200444,0.582694
28,-1,1.349203,0.464199,0.006699
28,1,2.342632,0.489543,1
28,-1,3.309381,0.689238,0.419858
28,1,1.706051,0.09639,0.274275
28,-1,1.519249,0.959232,0.686174
28,1,1.822522,0.298629,0.405145
28,1,2.079227,0.06059,0.719955
28,1,1.888711,0.214719,1
28,-1,2.313336,0.469635,0.585249
28,-1,2.65899,0.006802,0.189506
28,-1,0.962929,0.687011,0.809785
28,1,1.177086,0,0.620151
28,-1,0.907111,0.820833,0.463832
28,1,0.712915,0.088255,0.624452
28,1,1.192763,0,0.369861
28,1,0.913926,0.267653,0.687035
28,-1,2.39326,0.47078,0.87559
28,-1,0.773809,0.926193,0.591998
28,-1,1.129104,0.402404,0.203638
28,1,0.815833,0.401549,0.930968
28,1,1.691733,0.203003,0.282511
28,1,2.908498,0.303586,0.617041
28,1,0.830475,0.330254,0.884574
28,1,1.600547,0.091645,0.496382
28,-1,1.604242,0.10402,0.419025
28,1,3.428343,0.593798,0.677319
28,-1,1.484337,0.880157,0.69465
28,-1,1.871233,0.77285,0.294715
28,1,0.831237,0.16394,0.673249
28,1,2.151103,0.61803,0.980184
28,1,4.165264,0.09658,0.890909
28,-1,0.79764,0.198509,0.122864
29,-1,1.663097,0.804011,0.310686
29,-1,1.444142,0.785606,0.015089
29,-1,2.066098,0.196142,0.099301
29,1,2.26446,0.222081,0.728143
29,-1,1.319518,0.578794,0.330839
29,-1,1.310684,0.597462,0
29,1,2.843165,0.880857,0.48585
29,1,1.473456,0.241985,0.8958
29,1,1.74681,0.112104,0.509545
29,1,1.154611,0.012504,0.700452
29,-1,1.41461,0.599266,0.389891
29,-1,1.957325,0.313117,0.182788
29,1,0.96602,0.166224,0.390984
29,1,0.971669,0.084511,0.58603
29,1,1.958423,0.486099,0.792136
29,1,1.008947,0.229527,0.99666
29,1,1.590814,0.418356,0.900806
29,-1,1.344023,0.89144,0.281649
29,1,2.152493,0.903137,0.993176
29,1,1.053615,0.013569,0.372048
29,1,1.165846,0.219716,0.585068
29,1,2.208294,0.080565,0
29,1,1.442621,0.203747,0.816632
29,1,2.398453,0.505175,1
29,-1,1.930521,0.892777,0.604412
29,1,1.133119,0.114243,0.374584
29,1,1.426553,0.394741,0.744403
29,1,0.529598,0.115367,0.999701
29,-1,1.312182,0.891387,0.727161
29,-1,0.818091,0.995489,0.406764
29,-1,2.609088,0.604388,0.473315
29,1,1.107607,0.629641,1
29,1,0.795809,0.10775,0.782674
29,1,0.714059,0.655881,1
29,1,0.425375,0.308815,1
29,-1,0.904646,0.389491,0.299218
29,-1,0.600494,0.925101,0.083023
29,-1,0.814179,0.991516,0.791533
29,1,2.011746,0.595714,0.706499
29,-1,1.27513,0.785403,0.604616
29,1,0.727876,0.026605,0.981446
29,-1,1.222975,0.782158,0.68003
29,-1,1.255106,0.510014,0.411943
29,-1,1.057337,0.724196,0.505275
29,1,0.645318,0.397502,0.813156
29,1,0.665332,0.094517,0.321523
29,1,1.056419,0.787476,0.935098
29,-1,0.837634,0.182644,0
29,1,0.562893,0.092947,0.72274
29,-1,0.733728,0.304793,0
29,-1,0.63368,0.496718,0.315972
29,1,0.614972,0.011072,0.480408
29,1,0.774746,0.281219,0.694002
29,-1,0.53162,0.912667,0
29,-1,0.57217,0.543209,0.184709
30,1,1.116349,0.800548,0.896469
30,1,0.946332,1,0.692089
30,1,1.310391,0,0.186895
30,1,1.569939,0.02431,0.988766
30,1,1.382483,1,0.48095
30,-1,0.813295,0.070138,0
30,1,0.585468,0.007759,0.615819
30,1,0.558807,0.119461,0.989486
30,-1,1.126993,1,0.773724
30,-1,1.223131,0.276759,0.20271
30,-1,0.705235,0.491506,0.294988
30,1,0.733506,0.391736,0.990494
30,-1,0.627502,0.701696,0.286528
30,1,0.541122,0.108103,0.493581
30,-1,0.795105,0.721319,0.50136
30,-1,0.59881,0.407908,0.182006
30,1,1.551833,0.418515,0.477664
30,1,0.690382,0.199947,0.591724
30,1,0.780743,0.409755,0.57037
30,-1,0.577049,0.708392,0
30,-1,0.962082,0.41585,0.303116
30,1,0.588508,0.401267,0.931039
30,1,1.034128,0.583016,0.906113
30,-1,0.484325,0.803956,0.119089
30,1,0.877825,0.11373,0.185926
30,-1,1.036074,0.725783,0.577167
30,1,1.098646,0,0.49646
30,-1,0.751427,0.876116,0.31191
30,1,0.565122,0.478161,0.811016
30,1,0.519118,0.011958,0.383384
30,1,1.531495,0.426418,0.777748
30,1,0.746353,0.288415,0.827729
30,-1,0.620281,0.724053,0.060472
30,1,1.009139,0.92843,1
30,1,0.690575,0.16426,0.876701
30,1,0.751171,0,0.320449
30,1,1.36364,0.714074,0.800934
30,-1,0.553776,1,0.292384
30,-1,0.496114,0.90328,0.071264
30,1,0.540992,0,0.841014
30,-1,0.582969,0.568957,0.103774
30,1,0.544191,0,0.873039
30,-1,0.567746,1,0.620653
30,-1,1.131217,0.591812,0.489191
30,-1,1.219932,0.683472,0.394617
30,-1,1.097269,0.805442,0.599158
30,-1,1.069697,0.473089,0.211001
30,-1,0.647857,0.770548,0.190313
30,1,0.799846,0.083992,0.303314
30,1,1.017829,0.491159,0.869777
30,1,0.630043,0.195595,0.715484
30,1,0.688548,0.105895,0.419323
30,1,0.851304,0.225607,0.976029
30,-1,0.633711,0.639148,0.286634
30,1,1.606371,0.718735,0.914768
31,1,2.19985,0.118088,0.892131
31,1,1.331357,0.971761,0.801019
31,-1,1.293029,0.596247,0.789669
31,1,2.345583,0.660702,0.783334
31,-1,1.094015,0.470172,1
31,1,1.049108,0.567199,0.721303
31,1,0.976108,0.313039,0.778539
31,-1,2.221358,0.163714,0.09798
31,1,1.427531,0.603495,0.492863
31,1,1.430696,0.890963,0.534319
31,-1,1.063479,0.741331,0.201903
31,-1,0.809024,1,0.326118
31,1,0.792321,0.08497,0.271539
31,1,1.296217,0.188073,0.922563
31,1,0.872577,0.22454,0.793718
31,-1,1.106987,0.939903,0.406626
31,-1,1.073397,0.498309,0.779664
31,-1,0.843898,0.417145,0.006593
31,1,1.997442,0.707422,1
31,-1,1.102335,0.605813,0.435462
31,1,0.967088,0.206198,0.390188
31,1,2.743219,0.564257,0.916597
31,1,0.748025,0.017171,0.492057
31,-1,0.680853,0.59504,0.05244
31,-1,0.658283,0.699393,0.304712
31,-1,0.863133,0.506939,0.306893
31,-1,1.093983,0.607514,0.032241
31,1,2.267657,0.287287,0.394476
31,-1,0.705541,1,0.125871
31,1,0.848632,0.414244,0.794125
31,1,0.61658,0.020447,0.705662
31,-1,0.557544,0.728544,0.105522
31,1,1.118224,0.629579,0.988183
31,-1,0.587154,0.759082,0.097869
31,1,0.843668,0.193608,0.491992
31,1,0.660893,0.480754,0.698001
31,-1,0.854225,0.972903,0.212145
31,1,0.69916,0,0.989345
31,1,0.742103,0.305406,0.609511
31,-1,3.478464,0.87022,0.038797
31,1,0.867406,0.899263,0.667221
31,-1,1.181179,0.20688,0
31,-1,0.969412,1,0.366666
31,-1,1.297846,0.992999,0.889071
31,-1,1.059573,0.103057,0
31,1,1.665331,0.082951,0.411272
31,1,0.623711,0.314151,0
31,1,0.679571,0.787336,0.016651
31,-1,1.593783,0.458956,0.402914
31,-1,1.766533,0.586578,0.197844
31,1,0.846402,0.38506,0.679649
31,-1,0.748441,0.512185,0.107455
31,-1,3.137652,0.903928,0.796684
31,-1,2.15425,0.188759,0.29619
31,-1,1.023636,0.87934,0.34205
32,1,1.001687,1,0.520845
32,-1,0.800702,0.41927,0.689785
32,1,0.758946,0.98982,0.270214
32,-1,0.967252,0.196703,0.391965
32,-1,1.258683,0.093661,0.973431
32,-1,2.138376,0.034246,0.309581
32,1,1.057521,0.978612,0.597657
32,1,0.765751,0.748095,0.504541
32,1,0.881706,0.678007,0.116959
32,1,1.673272,0.909355,0.505298
32,1,2.550786,0.205147,0
32,1,1.837248,0.905684,0.085791
32,1,1.354008,0.994902,0.00127
32,1,1.826571,0.980442,0.377563
32,1,2.194013,0.786553,0.734653
32,-1,1.850651,0.271737,0.41257
32,1,1.40541,0.777417,0.531252
32,1,0.734462,0.58558,0.304666
32,1,0.690925,0.481063,0.104259
32,1,2.16064,0.088844,0.007669
32,-1,1.780667,0.181991,0.510136
32,-1,1.102025,0.427849,0.487071
32,-1,1.254038,0.575382,0.71422
32,1,1.153103,0.590833,0.020552
32,-1,0.630815,0.182383,0.897664
32,1,0.692812,0.979042,0.195278
32,1,1.051172,1,0.876765
32,-1,0.68198,0.711316,0.987074
32,1,0.824565,0.792711,0
32,1,1.796051,0.585849,0.389173
32,1,0.812644,0.784216,0.292509
32,1,1.370447,0.640027,0.104529
32,1,0.940337,0.89654,0.600485
32,-1,1.210746,0.800349,1
32,1,0.75896,0.596306,0.195548
32,-1,0.775231,0.189713,0.822361
32,-1,2.678507,0.088949,0.79265
32,1,2.36558,0.519973,0.594085
32,-1,0.720416,0.637848,0.789284
32,1,0.755543,0.90812,0.824196
32,1,0.920821,0.874767,0.708331
32,1,2.075542,0.390034,0.085352
32,-1,1.41817,0.42387,0.905474
32,1,0.523206,0.804017,0.404791
32,1,1.583087,0.291884,0.074892
32,-1,0.97562,0,0.502705
32,1,1.202925,0.684933,0.190538
32,-1,0.995479,0,0.41003
32,1,1.34643,0.199304,0.100677
32,1,0.444054,0.869984,0
32,-1,1.652109,0.276936,0.677315
32,-1,0.568139,0,0.717072
32,-1,2.808787,0.288528,0.489287
32,1,0.539476,0.933228,0.287698
32,1,2.302662,0.240544,0.299154
33,1,2.161824,0.095261,0.493523
33,1,1.634821,0.822384,0.592457
33,-1,2.154028,0.976984,0.291125
33,1,1.676843,0.688308,0.595645
33,1,2.626438,0.024018,0.2162
33,1,1.324898,0.38696,0.597759
33,1,1.616712,0.806064,0.434614
33,1,0.953058,0.290369,0.473095
33,-1,1.156873,0.432798,0.2986
33,1,0.87032,0.125573,0.393655
33,-1,1.786253,0.698555,0.310375
33,1,0.821073,0.023257,0.386952
33,-1,1.589438,0.930741,0.299618
33,-1,1.190666,0.776858,0
33,1,1.567997,0.871882,0.572801
33,1,1.688701,1,0.799728
33,-1,1.698874,0.499134,0.704266
33,-1,1.252212,0.824167,0.098424
33,-1,0.911364,0.468315,0.195458
33,-1,0.720557,0.61704,0
33,-1,1.237737,0.490668,0.888069
33,-1,1.640498,0.930132,0.998177
33,-1,0.979037,0.616713,0.489974
33,-1,2.221211,0.999795,0.216858
33,-1,1.031184,0.516397,0.38656
33,-1,1.02958,0.311295,0.089023
33,-1,0.805987,0.285943,0
33,1,1.725359,0.885193,0.794639
33,-1,1.436535,0.968479,0.071371
33,-1,1.261794,0.421258,1
33,1,1.141142,0.189913,0.570468
33,-1,0.711038,0.911844,0
33,1,1.188268,0.089589,0.70497
33,-1,1.184946,0.914647,0.135623
33,1,0.694974,0.02232,0.497965
33,-1,2.830403,0.700822,0.803664
33,1,1.49216,0.076347,0.178526
33,-1,1.449257,0.719932,1
33,-1,1.218935,0.289278,0.188002
33,1,1.468825,0.798946,0.503051
33,1,1.839409,0.048858,0.98475
33,1,0.9915,0.073748,0.625852
33,-1,1.608772,0.8021,0.285739
33,-1,1.386592,0.409536,0.901468
33,-1,1.105386,0.407036,0.688429
33,1,1.389032,0.891566,0.717241
33,-1,1.234658,0.400636,0.2009
33,1,0.979124,0.216607,0.720588
33,1,0.981232,0.013678,0.690224
33,1,0.97551,1,0.513117
33,1,1.159711,0.201678,0.931391
33,1,1.397452,0.315824,0.604519
33,1,0.793028,0.992724,0.605819
33,1,0.81472,0.174913,0.795141
33,-1,0.995591,0.128894,0
34,1,0.679704,0,0.864797
34,1,0.44165,0,1
34,1,0.809173,0.085222,0.204118
34,-1,0.442445,0.877956,0.30166
34,-1,0.4621,0.428099,0.213304
34,-1,0.511064,0.488159,0.100183
34,1,0.708604,0.269701,0.381015
34,-1,1.724699,0.813764,0.72128
34,1,0.50279,0.004764,0.109424
34,1,0.791824,0.392832,0.595908
34,-1,0.491784,0.401128,0.095042
34,1,0.517891,0.080374,0.591349
34,1,0.695229,0.410475,0.4884
34,1,0.417818,0,0.29046
34,-1,0.822078,0.916307,0.576939
34,-1,0.639207,0.921865,0.505011
34,-1,0.512465,0.996428,0.412133
34,1,0.405707,0.19734,0.921543
34,1,0.39231,0.193819,0.724366
34,-1,0.611573,0.684266,0.615887
34,-1,0.576634,0.962863,0.589019
34,-1,0.571517,0.757978,0.592916
34,1,0.764701,0.809576,0.9109
34,-1,0.45241,0.472602,0.01288
34,1,0.644368,0.456957,0.78827
34,-1,0.49081,0.621793,0.312959
34,-1,0.555518,0.584442,0.221684
34,-1,0.625061,0.301929,0.086959
34,-1,0.44072,0.529571,0.307797
34,1,0.549819,0.515996,1
34,1,0.535518,0,0.674801
34,-1,0.544901,0.747138,0.452092
34,-1,0.445866,0.200945,0
34,1,0.444597,0.215201,1
34,1,0.509195,0.380658,0.688117
34,-1,0.517205,0.420865,0.000365
34,-1,0.438516,0.70783,0.103862
34,1,0.607833,0.902014,0.996105
34,1,0.435497,0.80797,1
34,-1,0.42506,0.626144,0
34,1,0.468883,0.306336,0.700079
34,-1,0.375094,0.756822,0.306559
34,1,0.502851,0.296003,0.981824
34,-1,0.759987,0.622111,0.494259
34,-1,0.37947,0.771197,0.017715
34,1,0.452328,0.124642,0.895688
34,1,0.49066,0.105828,0.988107
34,1,0.475247,0.392233,0.768664
34,1,0.426135,0.211777,0.817893
34,1,0.623348,0.161995,0.477743
34,1,0.462689,0.734254,1
34,-1,0.703622,0.713582,0.900373
34,1,0.695997,0.211399,0.293917
34,-1,0.616365,0.893233,0.419458
34,1,0.428829,0.088534,0.804678
35,1,0.684986,0.384831,0.586032
35,-1,0.736528,0.580661,0.674439
35,1,0.486053,0.118226,0.73385
35,1,0.667445,0.181444,0.29904
35,-1,0.507963,0.437729,0
35,1,0.464554,0.196095,0.685313
35,1,0.639878,0.48758,0.607886
35,-1,0.641343,0.46537,0.7985
35,-1,0.51985,0.291827,0.002614
35,-1,0.434833,0.727336,0
35,-1,0.67367,1,0.018606
35,1,0.777684,0.10529,1
35,1,0.733839,0.105802,0.405376
35,-1,0.687879,0.382733,0.320042
35,1,0.566989,0.289317,0.812253
35,-1,0.617675,0.910032,0.075701
35,1,2.383163,0.912191,0.680208
35,-1,0.602353,0.608301,0.218951
35,-1,0.539723,0.782747,0.210017
35,-1,1.468469,0.984026,0.286494
35,-1,0.526384,0.407625,0.204224
35,1,0.795595,0.482409,0.983378
35,1,0.617084,0.100541,0.312738
35,1,0.699813,0.403662,0.504407
35,1,0.619727,0.275482,0.909461
35,-1,1.147271,1,0.182614
35,-1,0.532404,0.591507,0.31389
35,-1,0.458624,0.897562,0
35,-1,0.395339,0.756929,0.107777
35,1,0.529121,0.19588,0.88289
35,1,2.502704,0.898749,0.810878
35,1,1.032452,0.004948,0.200419
35,1,0.54312,0.294852,0.662987
35,1,0.945106,0.475842,0.699212
35,-1,0.553679,0.466912,0
35,1,0.521347,0,0.795242
35,1,0.81916,0.966156,0.878334
35,-1,0.632854,0.502109,0.124824
35,1,1.183958,0.609062,0.927954
35,-1,0.433238,0.70934,0.38245
35,1,1.428453,1,0.790084
35,-1,0.750775,0.466957,0.202039
35,1,0.877444,0.6142,0.808839
35,-1,0.504095,0.90136,0.360578
35,-1,0.763075,0.714866,0.973647
35,1,0.585667,0.413932,0.783271
35,-1,0.968783,0.886166,0.489285
35,1,0.497559,0.296221,0.490573
35,-1,0.457089,0.610953,0.096106
35,-1,0.414543,0.63573,0.032424
35,-1,0.829787,0.603841,1
35,-1,0.741864,0.79865,0.70804
35,1,0.604167,0,0.083916
35,-1,0.586298,0.202607,0.079903
35,1,1.821639,0.399964,1
36,1,0.938124,0.408773,0.466835
36,-1,2.583937,0.621112,0.480035
36,1,0.333043,0,0.99347
36,-1,0.794776,0.695955,0.91869
36,-1,0.57946,0.982921,0.096976
36,-1,0.459237,0.878809,0.582439
36,1,0.731802,0.169082,1
36,1,0.440124,0.580709,1
36,1,0.455702,0.394706,0.891329
36,-1,0.569663,0.714006,0
36,1,0.329483,0.384196,0.588174
36,-1,0.431792,0.395596,0.102178
36,1,0.647529,0.493363,0.888073
36,1,0.509625,0.339971,1
36,1,0.485582,0.914005,1
36,-1,0.462276,1,0.511912
36,-1,0.361178,0.817298,0.325039
36,1,0.472669,0.413084,0.777346
36,-1,0.509602,0.382401,0.180774
36,-1,0.401796,0.670507,0.079541
36,1,0.568317,0.102225,0.198378
36,1,0.723073,0.554547,0.779347
36,-1,0.386425,0.810465,0.488699
36,-1,0.649983,0.074269,0.01645
36,-1,0.505568,0.46418,0.266785
36,-1,0.346755,0.704322,0.485572
36,1,0.365396,0.280668,0.920642
36,1,0.38817,0.181395,0.279971
36,1,0.371948,0.211122,0.482654
36,1,0.421603,0.098297,0.547058
36,1,0.400855,0.276903,0.617281
36,-1,0.355289,0.908603,0.225191
36,1,0.31022,0.378451,0.733091
36,1,0.354371,0,0.783181
36,-1,0.565964,0.292972,0.411365
36,-1,0.43662,0.636008,0.201711
36,1,0.345877,0.202442,0.687429
36,-1,0.307191,0.61093,0.112078
36,1,0.328353,0,0.59443
36,1,0.528431,0.687488,1
36,-1,0.413886,0.327588,0
36,1,0.4459,0.082457,0.885891
36,1,0.339801,0.019941,0.188756
36,-1,0.398625,0.673878,0.283717
36,1,0.374749,0.993147,0.768964
36,-1,0.872898,0.389931,0
36,1,0.846071,0.619025,0.711246
36,1,0.73851,0.37308,1
36,-1,0.670361,0.53442,0.009248
36,1,0.907015,0.890845,0.808712
36,1,0.767594,0.779566,0.699012
36,1,0.721522,0.104068,0.28841
36,1,0.395336,0.017911,0.918864
36,-1,0.424147,0.812722,0.179651
36,-1,0.420424,0.785601,0.108788
37,-1,1.511961,0.795713,0.926741
37,-1,1.213274,0.589348,0.205714
37,-1,1.59301,0.77972,0.30638
37,1,1.261723,0.200402,0.490124
37,1,2.244152,0.200861,0.665979
37,-1,1.370385,0.474133,0
37,-1,2.569661,0.61475,1
37,1,2.700156,0.202006,0.821769
37,-1,2.671897,0.177733,0.119444
37,-1,1.521428,0.478138,0.381285
37,1,1.156051,0.284867,0.608516
37,-1,1.25083,0.105743,0
37,-1,1.291784,0.618244,0.137141
37,-1,1.536947,0.595027,0.810319
37,-1,1.301056,0.281014,0.025245
37,1,1.329448,0.700111,0.601552
37,-1,1.300996,0.491632,0.115279
37,1,4.253235,0.197719,0.864338
37,1,1.561977,0.207185,0.416732
37,1,1.193963,0,0.879821
37,1,0.898013,0,0.717065
37,1,1.123647,1,0.484105
37,1,2.639273,0.098349,0.900671
37,-1,0.896257,0.806317,0
37,-1,2.133598,0.691922,0.324441
37,-1,1.868995,0.782438,0.107458
37,1,0.650523,0,0.637023
37,-1,0.800792,0.43318,0.117057
37,1,2.500391,0.374305,0.69902
37,1,1.238343,0.334366,0.489434
37,-1,1.116251,0.408777,0.329093
37,-1,0.71865,0.381789,0
37,-1,3.18973,0.375281,0.781684
37,1,1.228377,0.778129,0.511226
37,1,1.112343,0.996207,0.403347
37,-1,1.343169,0.984381,0.017729
37,1,1.175857,0.189943,0.305788
37,1,1.000714,0.905779,0.440741
37,1,2.42184,0.907467,0.308954
37,-1,1.144831,0.325382,0.086098
37,1,1.411598,0.284335,0.984929
37,1,1.241049,0.08322,0.667427
37,-1,1.275529,0.909195,0.982269
37,1,1.673528,0.922483,0.455627
37,1,3.728537,0.80006,0.691511
37,1,1.166279,0,0.202708
37,1,1.477626,0.726643,0.52931
37,-1,1.122668,0.689759,0.962303
37,1,1.006046,0.977726,0.786084
37,-1,4.111885,0.609749,0.364781
37,1,1.167241,0.902031,0.70303
37,-1,2.488257,1,0.202532
37,1,2.870608,0.62081,0.516611
37,1,1.556515,0.09126,1
37,1,1.240589,0.883679,0.622217
38,-1,1.179255,0.495683,0.087399
38,-1,1.40868,0.402294,0.077544
38,-1,1.586593,0.317755,0.208501
38,1,1.289149,0.025769,0.597249
38,1,1.106982,0.387496,0.471316
38,-1,0.723097,0.46156,0.283077
38,-1,1.17204,0.629698,0.300563
38,1,0.904371,0.680022,0.97273
38,1,0.688986,0.425324,0.623022
38,-1,1.101064,0.601616,1
38,-1,1.225637,0.974265,0.477271
38,-1,1.45599,0.866604,0.332035
38,1,0.8045,0.092782,0.300403
38,-1,1.399779,0.100718,0.004253
38,-1,0.834128,0.790241,0.298917
38,1,0.742533,0.398817,0.917302
38,-1,0.727486,0.42543,0.291369
38,-1,0.616592,0.409528,0.022425
38,-1,0.654646,0.486272,0.030718
38,1,1.084524,0.790186,0.913744
38,-1,1.576251,0.309209,1
38,1,0.977706,0.401402,0.817935
38,-1,1.424924,0.875337,0.183879
38,-1,1.231525,0.906895,0.498293
38,-1,0.873869,0.799369,0.207973
38,-1,1.131745,1,0
38,1,2.281826,0.123163,1
38,-1,0.839318,0.838745,0
38,1,1.335017,0.522738,0.739419
38,1,0.890878,0.593311,0.833889
38,-1,0.996681,0.69604,0.276423
38,1,0.787294,0.515956,0.77418
38,1,0.65768,0.116286,0.794232
38,-1,0.682872,0.627897,0.094572
38,1,0.928927,0.114305,0.198454
38,-1,0.593885,0.90677,0.093793
38,1,0.844992,0.989943,0.822523
38,-1,0.612533,0.682403,0.074901
38,-1,0.633699,0.574366,0.231887
38,1,1.140309,0.172793,0.393285
38,-1,1.229096,0.779697,0.701287
38,-1,1.264434,0.913228,0.034939
38,1,0.854747,0.928363,0.670522
38,1,1.114975,0.416909,0.974685
38,1,0.783427,0.901926,0.568092
38,-1,1.000513,0.494142,0.183025
38,1,0.859215,0.240625,0.695354
38,-1,1.001212,0.706931,0.404542
38,-1,0.821302,0.307302,0.013664
38,-1,0.566706,0.232359,0
38,1,0.683065,0,0.725793
38,-1,0.749964,0.181615,0.967276
38,-1,1.444952,0.682645,0.613935
38,-1,1.7828,0.514024,0.600666
38,-1,1.046461,0.867931,0.998663
39,-1,3.916222,1,0.674145
39,1,4.35977,0.29237,1
39,-1,3.153995,0.647536,0.866109
39,-1,4.510931,0.610108,0.01927
39,1,6.806312,0.481156,0.597544
39,1,3.239503,0,0.182297
39,1,2.38074,0.276684,0.488286
39,-1,3.304263,0.514769,0.760253
39,1,5.003987,0.213906,1
39,1,3.886337,0.012939,0.41767
39,-1,2.537967,0.299318,0.002242
39,1,4.571416,0.287537,0.893932
39,-1,2.640609,0.56868,0.981972
39,-1,1.225343,0.497273,0
39,1,2.536384,0.303572,0.410242
39,1,2.053075,0.713174,0.435729
39,-1,2.629092,0.4729,0.200132
39,1,3.755884,0.084455,1
39,-1,3.72074,0.193346,0.107727
39,1,1.606787,0.099584,0.378084
39,1,3.09464,0.976097,0.871535
39,1,7.063991,0.088499,0.863032
39,-1,2.950358,0.812706,0
39,1,2.627352,0.100928,0.605867
39,-1,2.914463,0.63252,0.299701
39,1,1.635432,0.911384,0.501907
39,-1,1.67447,0.784849,0.994235
39,1,1.833546,0.183296,0.57487
39,-1,1.913353,0.703482,0.187744
39,1,1.895515,0.878158,0.702824
39,-1,1.605605,0.424331,0.614384
39,1,2.117075,0.400787,0.506835
39,-1,2.225745,0.812635,0.674572
39,-1,1.38339,0.491774,0.098765
39,1,1.760643,0,0.072668
39,1,4.000389,0.696952,0.617322
39,1,4.825307,0.236016,0.283078
39,1,0.91022,0.108325,0.280603
39,-1,5.063944,0.820196,0.397174
39,1,1.869773,0.003244,0.989839
39,-1,1.879745,0.392247,0.911754
39,-1,2.188638,0.70427,0.094675
39,1,3.080454,0.175476,0.888843
39,-1,2.029514,0.867496,0
39,1,3.188526,0.318712,0.825866
39,-1,3.259562,0.98248,0.391808
39,-1,4.156279,0.768681,0.949699
39,1,1.842155,0.126857,0.781863
39,1,2.860334,0.202644,0.38644
39,1,1.038299,1,0.508087
39,1,1.495534,0.716812,0.523432
39,1,4.296289,0.281653,0.662853
39,1,1.93483,0.789529,0.594551
39,1,2.311178,0.205674,0.8313
39,1,1.337462,0,0.703466
40,-1,2.128883,0.978807,0.486744
40,1,1.572924,0.42924,0.904792
40,1,0.917692,0.500067,0.629366
40,-1,1.329583,0.794174,0.514189
40,1,1.012829,0.403557,0.586463
40,-1,1.996727,0.712916,0.90791
40,1,1.444823,1,0.892585
40,-1,1.596611,1,0.093895
40,-1,1.611342,0.919065,0.205202
40,1,0.969971,0.000781,0.706155
40,1,1.547304,0.980266,0.811553
40,-1,0.65875,0.791588,0
40,-1,1.880462,0.506306,0.100735
40,-1,1.155834,0.711026,0.787541
40,-1,0.874818,0.574114,0.919561
40,-1,0.447849,0.581402,0.264901
40,1,0.656064,0.202785,0.980562
40,-1,1.023219,0.193904,0.097722
40,1,0.67131,0.089519,0.375051
40,1,1.066934,0.37205,0.971311
40,1,0.592309,0.275629,0.806868
40,-1,0.722547,0.319319,0
40,1,0.495734,0.113705,0.922695
40,1,1.864115,0.287542,0.673107
40,1,0.622229,0.176268,0.419958
40,1,1.149583,0.994186,0.667257
40,1,1.705176,0.897633,0.820709
40,1,0.645036,0,0.089447
40,-1,0.860806,0.661154,0.414739
40,1,0.640129,0.179868,0.471939
40,-1,1.115595,0.988921,0
40,1,0.639202,0.295482,0.499137
40,1,1.228902,0.619654,0.815911
40,1,0.61715,0.264604,0.436992
40,-1,0.827656,0.901856,0.310231
40,-1,1.19964,0.64393,0.950501
40,1,0.635408,0.088561,0.79551
40,-1,0.559732,0.619495,0.18346
40,-1,0.640819,0.971778,0.324546
40,1,0.478605,0.012439,0.511146
40,1,0.857456,0.478198,0.702303
40,1,0.609241,0.232379,0.285063
40,-1,1.146079,0.698175,0.204054
40,-1,0.602207,0.778948,0.420491
40,-1,0.901173,0.48333,0.386103
40,-1,0.791116,0.193613,0
40,1,0.561493,0.115953,0.294999
40,1,0.851728,0.186948,0.816189
40,-1,2.924479,0.591372,0.714326
40,1,1.095998,0.911679,0.466429
40,1,0.93326,0.005457,0.923489
40,1,0.788987,0.418563,0.013607
40,-1,1.053193,0.592438,0.025489
40,-1,0.891842,0.596744,0.095256
40,1,0.978385,0.12464,0.717333
41,1,1.061927,0.313,1
41,1,1.550725,0.066925,0.991272
41,1,2.243122,0,0.10527
41,1,2.701412,0.565348,0.696868
41,1,1.396056,0.307653,0.601871
41,-1,1.176064,0.897067,0.288807
41,1,2.351121,0.317794,0.490224
41,-1,1.237607,0.373281,0.014812
41,-1,1.896662,0.798157,0.578516
41,-1,1.063252,0.490486,0
41,-1,1.648875,0.265644,0.187495
41,1,1.543737,0.50219,0.888041
41,1,1.358367,0.083214,0.298763
41,-1,1.519796,0.711357,0.185055
41,-1,0.794958,0.583051,0.032096
41,1,1.115486,0.328809,0.80657
41,-1,0.767243,0.170767,0.014182
41,1,0.564608,0.366833,0.902345
41,1,1.355439,0.104994,0.196258
41,1,1.112195,0.701813,0.81268
41,1,0.653187,0.193988,0.623713
41,1,1.169035,0.217479,0.897522
41,1,1.633925,0.603152,0.984203
41,-1,2.035993,0.6924,0.393401
41,1,2.92606,0.29575,0.39286
41,-1,1.436502,0.490052,0.377819
41,1,1.921614,0.416317,0.810002
41,-1,1.760404,0.921287,0.602162
41,-1,2.199792,0.944138,0.704365
41,1,1.468179,0.102922,0.410316
41,1,1.652442,0.204921,0.832459
41,1,2.502364,0.194447,1
41,1,2.155161,0.12957,0.49034
41,-1,1.883227,0.996283,0.912917
41,-1,1.961185,0.799851,0.498815
41,1,1.241441,0.090827,0.894159
41,-1,1.054782,0.886921,0.001849
41,1,1.234099,0.02765,0.812752
41,1,2.290574,0.186648,0.404403
41,-1,0.688594,0.971944,0.428938
41,1,1.061497,0.204006,0.533312
41,-1,0.986023,0.803275,0.085859
41,-1,3.088573,0.573747,0.507941
41,-1,1.172169,0.982337,0.488921
41,-1,1.296121,1,0.018439
41,-1,0.747765,0.713813,0
41,-1,3.526263,0.889699,0.81286
41,1,1.152324,0.130367,0.708617
41,-1,0.849922,0.589681,0.376968
41,1,2.414997,0.50917,0.695632
41,1,1.325494,0.702288,0.988028
41,1,1.316017,0.01103,0.326598
41,-1,1.769285,0.580411,0.09278
41,1,1.464525,0.799981,1
41,-1,5.164729,0.705486,0.277784
42,1,1.64409,0.431383,0.58802
42,-1,0.880885,0.418709,0.659181
42,-1,1.319435,0.61489,1
42,-1,0.599367,0.995386,0.708346
42,1,0.878932,1,0.501836
42,-1,1.185788,0.601974,0.866591
42,1,0.692443,0.031645,0.822164
42,1,1.183899,0.90834,0.510758
42,-1,0.6384,0.979695,0.096236
42,1,0.920409,0.358017,0.494796
42,1,1.129562,0.199931,0.974073
42,-1,0.586726,1,0.407335
42,-1,1.181261,0.312541,1
42,-1,1.04512,0.39449,0.014563
42,-1,0.635997,0.703929,0.088936
42,-1,0.936661,0.899754,0.994323
42,-1,0.998055,0.614577,0.094969
42,-1,0.79567,0.333345,0.070154
42,-1,1.439192,0.366559,0.294104
42,1,1.470114,0.043022,0.502793
42,-1,1.158325,0.979248,0
42,-1,0.823517,0.783733,0.999808
42,-1,1.158501,0.631797,0.680772
42,1,0.659601,0.036682,0.736964
42,1,0.568016,0.196711,0.905017
42,-1,1.387019,0.794387,0.680635
42,-1,1.077327,0.505291,0.224923
42,-1,2.014879,0.182172,0.028198
42,1,0.577117,0.080958,0.491551
42,-1,1.298117,0.732418,0.308678
42,-1,0.874441,0.737008,0.885279
42,-1,0.533112,0.580317,0.215307
42,1,0.821091,0.114115,0.216235
42,1,0.644634,0.315391,0.609742
42,-1,0.886064,0.28794,0
42,1,1.307424,0.871583,0.398735
42,-1,0.426732,0.894184,0.073048
42,-1,0.431052,0.437693,0.105683
42,1,0.87037,0,0.930649
42,1,0.988954,0.890925,0.807696
42,1,0.625918,0.278034,0.876685
42,1,1.241626,0.798727,0.391787
42,-1,0.523758,0.735693,0.231617
42,-1,0.702327,0.486802,0.321139
42,-1,1.046764,0.496145,0.700249
42,-1,1.392191,0.473021,0.788582
42,1,0.560431,0.007065,0.57112
42,-1,0.868036,0.601175,0.770081
42,-1,1.126312,0.829453,0.323951
42,-1,0.625543,0.792473,0.213479
42,-1,0.731692,0.287488,0.169067
42,1,0.46304,0.11299,0.788931
42,1,1.233331,0.506554,0.571723
42,1,0.696446,0.176616,0.408142
42,1,1.293892,0.018214,0.09839
43,-1,1.218899,0.694866,0.212112
43,-1,0.85793,0.602206,0.91423
43,1,2.483636,0.21371,0.616513
43,1,1.992262,0.407571,0.519618
43,-1,2.078208,0.512308,0.582814
43,-1,3.459116,0.803002,0.131642
43,-1,2.745344,0.305891,0.064812
43,-1,1.042088,0.339975,1
43,1,6.154528,0.41353,0.692622
43,1,1.874259,0.78212,0.593437
43,-1,3.774363,0.28651,0.902123
43,1,1.177851,0.988786,0.492156
43,-1,3.841118,0.495953,0.686972
43,-1,3.289896,0.597803,0.355542
43,1,2.781942,0.694665,0.628897
43,-1,0.871297,0.379011,0.083184
43,1,1.31298,0.939453,0.81727
43,-1,1.606938,0.428274,0.809071
43,-1,1.922451,0.476184,0.122878
43,-1,1.340452,0.477786,0.834737
43,1,1.762736,0.231519,0.411008
43,1,1.346436,0.173219,0.267263
43,1,1.663596,0,0.580946
43,1,1.229532,0.863569,0.718489
43,1,2.410281,0,0.374156
43,1,1.428362,0.894117,0.42013
43,-1,3.402279,0.630648,0.305169
43,1,1.156309,0.287022,0.38999
43,-1,1.013158,0.810101,0.686474
43,1,0.916976,0.994157,0.570539
43,1,1.543544,0.112398,0.212324
43,-1,2.18594,0.521379,0.028958
43,1,4.701412,0.100608,0.922924
43,-1,2.831747,0.680182,0.120275
43,1,0.813793,0.995038,0.907151
43,-1,0.702518,0.310654,0.031549
43,1,3.125785,0.198207,0.802167
43,-1,0.984323,0.794699,1
43,-1,1.601476,0.678486,0.294638
43,1,1.045979,0.221505,0.507108
43,-1,0.913438,0.201853,0.964547
43,-1,0.890145,0.613738,0.092439
43,1,2.814974,0,0.087404
43,-1,1.546486,0.116213,1
43,-1,1.554513,1,0
43,1,1.075438,0.997779,0.402683
43,1,1.550604,0,0.94579
43,1,1.097642,0.021506,0.765586
43,1,1.005935,0.017631,0.202426
43,1,1.047844,0.319734,0.483109
43,1,1.815446,0,0.720666
43,-1,0.718687,0.501021,0.894237
43,-1,0.590653,0.70159,0.986795
43,-1,3.029447,0.286711,0.802634
43,1,2.704646,0.912715,0.183021
44,-1,1.179537,0.398046,0.301588
44,1,0.657667,0.01025,0.87939
44,1,0.710766,0.277787,0.690248
44,1,0.602978,0.389519,0.790467
44,1,0.60166,0.227471,0.573638
44,-1,0.648359,1,0.727831
44,-1,0.737637,0.213,0.119952
44,1,0.60429,0.109499,0.59442
44,-1,0.830019,0.632577,0.671769
44,-1,0.524518,0.989457,0.224894
44,-1,0.696064,0.803152,0.229378
44,1,0.54491,0.326612,0.586208
44,-1,0.585342,0.12472,0.018755
44,1,0.427676,0,0.817278
44,1,0.462945,0.09151,0.714396
44,1,0.428712,0,0.309018
44,1,0.484985,0,0.968297
44,-1,0.483251,0.779556,0.299532
44,-1,0.441492,0.989575,0.496588
44,-1,0.524676,0.54389,0.606924
44,1,0.526661,0.383537,1
44,-1,0.565152,0.507065,0.006051
44,-1,0.483045,0.975849,0.613846
44,1,0.946519,0.703736,0.86959
44,-1,0.622589,0.235408,0
44,-1,0.486037,0.859632,0.114355
44,1,0.654661,0.16533,0.488211
44,1,3.687577,0.260446,1
44,-1,0.564288,1,0.083849
44,1,0.57416,0.002512,0.390109
44,-1,0.80237,0.700653,0.49106
44,-1,0.624807,0.43091,0.204297
44,1,0.767934,0.091824,0.273691
44,-1,0.619501,0.484112,0.095446
44,1,0.60101,0.100567,0.802604
44,-1,0.555235,0.886052,0.400599
44,1,0.606247,0.190908,0.870841
44,1,0.684167,0.78939,0.994645
44,-1,0.478668,0.70211,0.00658
44,-1,0.562095,0.482982,0.314114
44,-1,0.547935,0.594106,0.38485
44,1,0.705868,0.515395,0.898251
44,1,0.862848,0.398447,0.536665
44,1,0.754725,0.885639,0.993818
44,1,0.849192,0.42933,0.706395
44,-1,0.887101,0.302706,0.216607
44,1,0.936472,0.611173,0.912325
44,1,0.775148,0.039139,0.612351
44,1,0.979547,0.576513,0.794075
44,-1,0.896622,0.919694,0.332291
44,-1,1.541915,0.730498,0.168786
44,-1,0.891529,0.808488,0.465088
44,1,0.954784,0.803363,0.901404
44,-1,0.850471,0.824416,0.709668
44,1,0.977345,0.089425,0.394221
45,1,2.632522,0.60832,0.908379
45,1,0.934288,0.270749,0.812116
45,-1,1.546001,0.634703,0.42156
45,1,0.63771,0.21598,0.981337
45,1,0.570769,0.098269,0.817188
45,-1,0.51145,0.792399,0.438521
45,1,0.715874,0,0.979139
45,1,0.521129,0.107235,0.579852
45,-1,0.535726,0.928068,0.735552
45,-1,0.422054,0.916174,0.296297
45,1,0.548071,0.212162,0.887398
45,1,0.489642,0.088057,0.70242
45,-1,0.456414,0.723339,0
45,1,1.408743,0.147574,0.240485
45,-1,0.587979,0.470346,0.191761
45,-1,0.5322,1,0.10234
45,1,0.502644,0.186797,0.792963
45,1,1.640272,0.781489,0.911246
45,-1,0.521865,0.991363,0.312838
45,-1,0.850082,0.403645,0.115731
45,-1,1.794425,0.687111,0.61381
45,-1,0.704156,0.211568,0.007074
45,1,1.466643,0.304282,0.66478
45,-1,0.785755,0.282252,0.216622
45,1,1.412262,0.643512,0.812896
45,1,0.649822,0,0.793442
45,1,1.051666,0,0.300965
45,1,0.645269,0.06275,0.48203
45,-1,1.098905,1,0.590297
45,1,0.852267,0.505873,0.706617
45,-1,0.536617,0.592983,0.288046
45,-1,0.962168,0.704554,0.423685
45,-1,0.855496,0.090743,0.001537
45,-1,0.901485,0.987337,0.707485
45,-1,1.408627,0.784997,0.691743
45,1,0.654303,0.017609,0.89883
45,-1,1.374917,0.629069,0.528941
45,1,0.539925,0,0.574008
45,1,1.916339,0.331681,0.513926
45,1,0.872829,0.901688,0.984377
45,1,0.950948,0.190533,0.407251
45,-1,0.636894,0.694883,0.193149
45,1,0.766811,0.213021,0.610265
45,1,0.691218,0.825033,0.992874
45,-1,0.53255,1,0.516663
45,1,0.622466,0.370505,0.936123
45,1,1.43688,0.278944,0.434334
45,-1,1.149507,0.817727,0.522209
45,1,0.685108,0.490284,0.941221
45,1,1.186343,0.389921,0.499547
45,-1,0.587404,0.40991,0
45,1,0.496785,0.020681,0.473299
45,-1,0.425716,0.909312,0.073102
45,-1,0.505111,0.986752,0.389761
45,-1,0.602885,0.296579,0.0826
46,-1,0.975205,0.505644,0.408866
46,1,11.465787,0.424274,0.918983
46,1,1.681875,0.111884,0.69426
46,-1,1.497106,0.393985,0.309324
46,-1,1.030717,0.709852,0
46,-1,1.28355,0.689631,0.280051
46,1,0.93315,0,0.387395
46,-1,1.970858,0.881085,0.27881
46,1,1.15319,0.908807,0.587674
46,1,1.019617,0.91937,0.497126
46,1,1.214299,0.017509,0.062001
46,-1,1.184161,0.493916,0.801705
46,-1,1.221331,0.832203,0.168961
46,-1,0.950348,0.483428,0
46,-1,1.526255,0.786879,0.904472
46,-1,1.302366,0.889006,0.170768
46,1,1.08243,1,0.517151
46,-1,0.902667,0.768647,0
46,1,1.160577,0.0068,1
46,-1,2.212158,0.998745,0.077846
46,-1,1.423849,0.481884,0.700101
46,-1,1.410881,0.689764,0.817447
46,-1,0.888797,0.818795,0.098421
46,1,0.916579,0.226918,0.701728
46,-1,0.911712,0.467202,0.201781
46,1,1.530508,0.133448,0.902993
46,-1,1.172786,0.591799,0.796071
46,1,0.951128,0,0.204313
46,-1,0.593907,0.287009,0
46,1,0.518002,0,0.601489
46,-1,0.549136,0.254151,0.084055
46,-1,1.424037,0.585912,0.661339
46,-1,0.860539,0.599885,1
46,1,1.056403,0.211875,0.323887
46,1,1.27224,0.781252,0.414813
46,-1,1.326113,0.60697,0.454217
46,-1,1.193289,0.278797,0.998271
46,1,0.645393,0.112964,0.612304
46,-1,6.607072,0.379601,0.97603
46,1,0.798208,0.107513,0.509224
46,-1,2.056323,1,0.2021
46,1,1.450628,0.213726,0.419456
46,-1,0.803658,0.210022,0.135782
46,-1,1.43355,0.901298,0.994731
46,1,0.953047,0.106106,0.429596
46,1,0.679656,0.925616,0.677199
46,-1,0.988405,0.578665,0.183829
46,1,0.79305,0.385991,0.609503
46,-1,1.680388,0.848083,0.332948
46,-1,0.960529,0.691103,0.984663
46,-1,0.639889,0.595141,0.295745
46,-1,0.701865,0.776771,0.964644
46,-1,0.692916,0.520673,0.306664
46,1,2.599444,0.7394,0.415756
46,1,1.030062,0,0.88088
